rxns	rxnKEGGID	rxnBiGGID	rxnEHMNID	rxnHepatoNET1ID	rxnREACTOMEID	rxnRecon3DID	rxnMetaNetXID	rxnHMR2ID	rxnRatconID	rxnTCDBID	spontaneous	rxnRheaID	rxnRheaMasterID	rxnRetired
MAR01459		HSD17B7r				HSD17B7r	MNXR100715				0			HSD17B7r
MAR04758	R00310		R00310C	r0096			MNXR99471	HMR_4758	RCR20530		0	RHEA:22586	RHEA:22584	HMR_4758
MAR07617	R02584					HMR_7617	MNXR107595	HMR_7617	RCR11618		0			HMR_7617
MAR07618	R02585					HMR_7618	MNXR107596	HMR_7618	RCR11619		0			HMR_7618
MAR07746	R01600					HMR_7746	MNXR107081	HMR_7746	RCR10448		0			HMR_7746
MAR07748	R02739					HMR_7748	MNXR99911	HMR_7748	RCR10277		0			HMR_7748
MAR07749	R03321					HMR_7749	MNXR99910	HMR_7749	RCR14188		0			HMR_7749
MAR09577	R00162					HMR_9577	MNXR106414	HMR_9577	RCR14832		0			HMR_9577
MAR09578	R00164					HMR_9578	MNXR106415	HMR_9578	RCR14833		0			HMR_9578
MAR09579	R03632					HMR_9579	MNXR108312	HMR_9579	RCR11010		0			HMR_9579
MAR07262		DOLICHOL_Lter					MNXR97703	HMR_7262	RCR20987		0			HMR_7262
MAR11269						ELAIDCRNtr					0			ELAIDCRNtr
MAR11275						PCRNtr					0			PCRNtr
MAR11273						LNLCCRNtr					0			LNLCCRNtr
MAR08639						HMR_8639		HMR_8639	RCR21087		0			HMR_8639
MAR08973		GNDc				GNDc					0			GNDc
MAR04306	R00835	G6PDH2r		r0199		G6PDH2r	MNXR99907	HMR_4306	RCR11101		0			HMR_4306
MAR00607	R01799			r1238		HMR_0607		HMR_0607	RCR13168		0			HMR_0607
MAR04911		PIt8					MNXR102875	HMR_4911	RCR40976		0			HMR_4911
MAR06324		ARGtm		r2415			MNXR95954	HMR_6324	RCR20114	2.A.29.19.1	0			HMR_6324
MAR02199						r0780					0			r0780
MAR00445		EBP2r				EBP2r	MNXR96687				0			EBP2r
MAR07441						TAGHSTDe					0			TAGHSTDe
MAR07742						XOLEST2HSTDle					0			XOLEST2HSTDle
MAR04455		BCRNe				BCRNe	MNXR96226				0			BCRNe
MAR04463		C101CRNe				C101CRNe					0			C101CRNe
MAR04478		C10CRNe				C10CRNe					0			C10CRNe
MAR04502		C10DCe				C10DCe	MNXR96374				0			C10DCe
MAR04517		C12DCe				C12DCe					0			C12DCe
MAR04576		C141OHe				C141OHe					0			C141OHe
MAR04609		C142OHe				C142OHe					0			C142OHe
MAR04622		C162OHe				C162OHe					0			C162OHe
MAR04626		C16DCe				C16DCe					0			C16DCe
MAR04653		C3DCe				C3DCe					0			C3DCe
MAR04659		C4CRNe				C4CRNe	MNXR96415				0			C4CRNe
MAR04669		C4DCe				C4DCe	MNXR96416				0			C4DCe
MAR04713		C5DCe				C5DCe					0			C5DCe
MAR04724		C6CRNe				C6CRNe					0			C6CRNe
MAR04747		C6DCe				C6DCe	MNXR96424				0			C6DCe
MAR04751		C81CRNe				C81CRNe					0			C81CRNe
MAR04753		C8CRNe				C8CRNe	MNXR96429				0			C8CRNe
MAR04761		C8DCe				C8DCe	MNXR96431				0			C8DCe
MAR04794		DDCRNe				DDCRNe	MNXR97212				0			DDCRNe
MAR04795		DDECCRNe				DDECCRNe					0			DDECCRNe
MAR04798		DDECE1CRNe				DDECE1CRNe					0			DDECE1CRNe
MAR04800		DECCRNe				DECCRNe	MNXR97224				0			DECCRNe
MAR04801		DECDICRNe				DECDICRNe					0			DECDICRNe
MAR06494		HEDCECRNe				HEDCECRNe					0			HEDCECRNe
MAR06497		HEXDCRNe				HEXDCRNe	MNXR100618				0			HEXDCRNe
MAR06504		HIVCRNe				HIVCRNe					0			HIVCRNe
MAR06541		HOCTDEC2CRNe				HOCTDEC2CRNe					0			HOCTDEC2CRNe
MAR06582		HOCTDECCRNe				HOCTDECCRNe					0			HOCTDECCRNe
MAR06590		HTDCRNe				HTDCRNe	MNXR100744				0			HTDCRNe
MAR06594		IVCRNe				IVCRNe	MNXR100895				0			IVCRNe
MAR06706		OCTDECE1CRNe				OCTDECE1CRNe					0			OCTDECE1CRNe
MAR06853		TDCRNe				TDCRNe	MNXR104751				0			TDCRNe
MAR06856		TETDEC2CRNe				TETDEC2CRNe					0			TETDEC2CRNe
MAR06857		TETDECE1CRNe				TETDECE1CRNe					0			TETDECE1CRNe
MAR06858		TIGCRNe				TIGCRNe	MNXR104864				0			TIGCRNe
MAR07191		PNTOte				PNTORDe	MNXR103051				0			PNTORDe
MAR02517		RE0580L				RE0580L	MNXR94939				0			RE0580L
MAR06710			RE2477C			RE2477C	MNXR103685	HMR_6710	RCR11403		0			HMR_6710
MAR06737			RE2384C			RE2384C	MNXR103663	HMR_6737	RCR14365		0			HMR_6737
MAR04279	R00104	NADK	R00104C				MNXR101882	HMR_4279	RCR10008		0	RHEA:18630	RHEA:18629	HMR_4279
MAR04111	R00268		R00268C	r0082		r0082	MNXR105305	HMR_4111	RCR10601		0		RHEA:19381	HMR_4111
MAR04112	R00268		R00268C	r0083		r0083	MNXR105305	HMR_4112	RCR11659		0		RHEA:19381	HMR_4112
MAR04113	R00268		R00268C	r0084		r0084	MNXR105305	HMR_4113	RCR10602		0		RHEA:19381	HMR_4113
MAR04585	R01899		R01899C	r0422		r0422	MNXR105340	HMR_4585	RCR11667		0		RHEA:25588	HMR_4585
MAR04586	R01899		R01899C	r0423		r0423	MNXR105340	HMR_4586	RCR11668		0		RHEA:25588	HMR_4586
MAR04587	R01899		R01899C	r0424		r0424	MNXR105340	HMR_4587	RCR10604		0		RHEA:25588	HMR_4587
MAR04588				r0425		r0425	MNXR105341	HMR_4588	RCR11669		0			HMR_4588
MAR03489			RE3079X					HMR_3489	RCR12590		0			HMR_3489
MAR04456	R01324	ACONTm	R01324C	r0316		ACONTm	MNXR95384	HMR_4456	RCR10351		0		RHEA:10336	HMR_4456
MAR08435	R03425	GCCcm				GCCam	MNXR100067;MNXR100069	HMR_8435	RCR10246		0		RHEA:24304	HMR_8435
MAR08436	R04125	GCHOLAt				GCCbim	MNXR100068;MNXR100070	HMR_8436	RCR11319		0		RHEA:16945	HMR_8436
MAR08437	R03815	GCHOLAt2				GCCcm	MNXR100069;MNXR100071	HMR_8437	RCR11320		0			HMR_8437
MAR03923	R01221	GLYCLm	R01221C	r0295		r0295	MNXR100330	HMR_3923	RCR10962		0		RHEA:27758	HMR_3923
MAR04137	R00209	PDHm	R00209C	r0056		PDHm	MNXR102425	HMR_4137	RCR10275		0	RHEA:28043	RHEA:28042	HMR_4137
MAR05297	R08549	AKGDm		r1114		AKGDm	MNXR95655	HMR_5297	RCR11671		0			HMR_5297
MAR06410	R01699		R01699M	r0383		r0383	MNXR102427;MNXR107129	HMR_6410	RCR10446		0		RHEA:19189	HMR_6410
MAR06411	R01700			r0384		r0384	MNXR107130;MNXR95657	HMR_6411	RCR10353		0			HMR_6411
MAR04568				r0409		r0409	MNXR105339	HMR_4568	RCR11109		0			HMR_4568
MAR03831	R00490					HMR_3831		HMR_3831	RCR10103		0		RHEA:16601	HMR_3831
MAR04562		TTDCPT1				C140CPT1	MNXR104972				0			C140CPT1
MAR00464		PE_HStg		r1268		PE_HSter	MNXR102505	HMR_0464	RCR21117		0			HMR_0464
MAR11310		C181CPT2rbc				C181CPT2rbc	MNXR96396				0			C181CPT2rbc
MAR10410						WHARACHDtd					0			WHARACHDtd
MAR02490						RE0456M					0			RE0456M
MAR08985		PGLc				PGLc					0			PGLc
MAR08992		RPEc				RPEc					0			RPEc
MAR20045	R06983	FALDH2;R_FALDH2;R_r1378;r1378					MNXR146812				0	RHEA:19985		
MAR20004	R08382	RDH2;R_RDH2					MNXR103441				0	RHEA:42052		
MAR05295				r1110		NaKt		HMR_5295	RCR41002		0			HMR_5295
MAR06895		GLCSGLT1le				GLCSGLT1le	MNXR100225				0			GLCSGLT1le
MAR06894		GALSGLT1le				GALSGLT1le	MNXR100011				0			GALSGLT1le
MAR05406	R00132	H2CO3D		r1417		H2CO3D	MNXR100482	HMR_5406	RCR14126		0		RHEA:10748	HMR_5406
MAR05409				r1420		HMR_5409		HMR_5409	RCR30285		0			HMR_5409
MAR08751	R00132	H2CO3Dm				H2CO3Dm	MNXR100482	HMR_8751	RCR14130		0		RHEA:10748	HMR_8751
MAR13066		EX_h2co3_e				EX_h2co3[e]	MNXR98639				0			EX_h2co3[e]
MAR05413		PIt2r				PIt6b	MNXR102872	HMR_5413	RCR41023		0	RHEA:29941	RHEA:29939	HMR_5413
MAR04411		PIt8				PIt8	MNXR102875	HMR_4911	RCR40976		0			PIt8
MAR08749		H2CO3D2				HMR_8749	MNXR100483	HMR_8749	RCR14128		1			HMR_8749
MAR08750		H2CO3D2m				HMR_8750	MNXR100483	HMR_8750	RCR14129		1			HMR_8750
MAR02035		r0310				r0310					0			r0310
MAR03211	R00924			r0683		r0683	MNXR103101	HMR_3211	RCR14348		0			HMR_3211
MAR03751	R02660		R02660M	r0560		r0560		HMR_3751	RCR14421		0			HMR_3751
MAR03783	R03172		R03172M	r0603		r0603	MNXR108000	HMR_3783	RCR14424		0			HMR_3783
MAR04242	R02487		R02487M	r0541		r0541	MNXR100293	HMR_4242	RCR14356		0		RHEA:30847	HMR_4242
MAR03769	R04095		R04095M	r0655		r0655	MNXR95318	HMR_3769	RCR14423		0			HMR_3769
MAR02366		r1446				r1446					0			r1446
MAR02367		r1447				r1447					0			r1447
MAR02370		r1449				r1449					0			r1449
MAR02372		r1450				r1450					0			r1450
MAR02373		r1451				r1451					0			r1451
MAR08743	R00408	SUCD1m				SUCD1m	MNXR99636	HMR_8743	RCR11674		0		RHEA:30343	HMR_8743
MAR05294	R00362		R00362C	r1109		r1109	MNXR96731	HMR_5294	RCR11670		0	RHEA:10761	RHEA:10760	HMR_5294
MAR11421		CITL				CITL	MNXR96731				0	RHEA:10761	RHEA:10760	CITL
MAR00562		ETF				ETF	MNXR97965				0			ETF
MAR00563		ETFQO				ETFQO	MNXR97966				0			ETFQO
MAR05434		FAOXC3DC				FAOXC3DC					0			FAOXC3DC
MAR04156	R00742	ACCOAC	R00742C	r0184		ACCOAC	MNXR95219	HMR_4156	RCR10617		0	RHEA:11309	RHEA:11308	HMR_4156
MAR02369		r1448				r1448					0			r1448
MAR02185						r0701					0			r0701
MAR11649						PAIL_hs_t1e					0			PAIL_hs_t1e
MAR11729						2HXIC_Lt2e					0			2HXIC_Lt2e
MAR10469						3HCINNMsec					0			3HCINNMsec
MAR10467						PCSup					0			PCSup
MAR10471						3HPPAsec					0			3HPPAsec
MAR01823		VITD3tm3				VITD3tm3	MNXR105203				0			VITD3tm3
MAR11988						HC00005t1e					0			HC00005t1e
MAR11991						HC00006t1e					0			HC00006t1e
MAR11994						HC00007t1e					0			HC00007t1e
MAR11997						HC00008t1e					0			HC00008t1e
MAR12000						HC00009t1e					0			HC00009t1e
MAR11652						PAILSTE_HSt1e					0			PAILSTE_HSt1e
MAR11650						PAILR_HSt1e					0			PAILR_HSt1e
MAR11725						SPHMYLN1824_hs_t1					0			SPHMYLN1824_hs_t1
MAR11697						SPHMYLN180241_hs_t1					0			SPHMYLN180241_hs_t1
MAR11727						SPHMYLN1825_hs_t1					0			SPHMYLN1825_hs_t1
MAR11699						SPHMYLN18114_hs_t1					0			SPHMYLN18114_hs_t1
MAR11701						SPHMYLN18115_hs_t1					0			SPHMYLN18115_hs_t1
MAR11703						SPHMYLN18116_hs_t1					0			SPHMYLN18116_hs_t1
MAR11705						SPHMYLN181161_hs_t1					0			SPHMYLN181161_hs_t1
MAR11707						SPHMYLN18117_hs_t1					0			SPHMYLN18117_hs_t1
MAR11709						SPHMYLN18118_hs_t1					0			SPHMYLN18118_hs_t1
MAR11711						SPHMYLN181181_hs_t1					0			SPHMYLN181181_hs_t1
MAR11713						SPHMYLN18120_hs_t1					0			SPHMYLN18120_hs_t1
MAR11715						SPHMYLN181201_hs_t1					0			SPHMYLN181201_hs_t1
MAR11717						SPHMYLN18121_hs_t1					0			SPHMYLN18121_hs_t1
MAR11719						SPHMYLN18122_hs_t1					0			SPHMYLN18122_hs_t1
MAR11721						SPHMYLN181221_hs_t1					0			SPHMYLN181221_hs_t1
MAR11723						SPHMYLN18123_hs_t1					0			SPHMYLN18123_hs_t1
MAR11651						PAILPALM_HSt1e					0			PAILPALM_HSt1e
MAR20015	R02549	ABUTD;ABUTDm;R_ABUTD;R_ABUTDm					MNXR95191				0	RHEA:19105		
MAR20014	R03283	R_TMABADH;TMABADH					MNXR104876				0	RHEA:17985		
MAR20052		ALDD21;RE3076X;R_ALDD21;R_RE3076X					MNXR95747				0	RHEA:44016		
MAR02358						r1433					0			r1433
MAR20066	R00009	CAT;CATm;CATp;CATpp;CATr;R_CAT;R_CATm;R_CATp;R_CATpp;R_CATr					MNXR96455				0	RHEA:20309		
MAR20020	R00303	G6PP;G6PPer;R_G6PP;R_G6PPer					MNXR195425				0	RHEA:16689		
MAR20002	R02124	HMR_6633;RDH1;R_HMR_6633;R_RDH1;R_TRETINOLOR1;TRETINOLOR1					MNXR189842				0	RHEA:21284		
MAR00030						HMR_0030		HMR_0030	RCR20227		0			HMR_0030
MAR05310		GLNtN1				GLNtN1	MNXR100263	HMR_5310	RCR41006		0			HMR_5310
MAR00032						HMR_0032		HMR_0032	RCR14836		0			HMR_0032
MAR02276		r0993				r0993	MNXR105414				0			r0993
MAR02277		r0994				r0994	MNXR105415				0			r0994
MAR02384		r1495				r1495	MNXR105478				0			r1495
MAR02390		r2157				r2157	MNXR106054				0			r2157
MAR02392		r2158				r2158	MNXR106055				0			r2158
MAR02394		r2159				r2159	MNXR106056				0			r2159
MAR04144		EX_C02528_e				EX_C02528[e]	MNXR98101				0			EX_C02528[e]
MAR10447		HC02220c				HC02220c					0			HC02220c
MAR00941	R07041		R07041C				MNXR110751	HMR_0941	RCR12090		0			HMR_0941
MAR06142				r2236			MNXR106133	HMR_6142	RCR40595	2.A.60.1.5	0			HMR_6142
MAR06143				r2237			MNXR106134	HMR_6143	RCR40596	2.A.60.1.5	0			HMR_6143
MAR06144				r2238			MNXR106135	HMR_6144	RCR40597	2.A.60.1.5	0			HMR_6144
MAR06220				r2315			MNXR106212	HMR_6220	RCR40672	2.A.60.1.2	0			HMR_6220
MAR06252				r2346			MNXR106235	HMR_6252	RCR40129		0			HMR_6252
MAR09733	R03674					HMR_9733	MNXR108330	HMR_9733	RCR14346		0			HMR_9733
MAR09734	R04884					HMR_9734	MNXR109190	HMR_9734	RCR14347		0	RHEA:33516	RHEA:33515	HMR_9734
MAR10025											0			HMR_10025
MAR03767	R01651	OIVD1m	R03171M	r0601		OIVD1m	MNXR102172;MNXR107999	HMR_3767	RCR14422		0		RHEA:25177	HMR_3767
MAR04506		C120CPT1				C120CPT1					0			C120CPT1
MAR00042		3HBCOAHLm				3HBCOAHLm	MNXR94891				0			3HBCOAHLm
MAR00740		FACOAL206				FACOAL206	MNXR99186				0			FACOAL206
MAR01709		SCP22x				SCP22x	MNXR104294				0			SCP22x
MAR05323		FAOXC16Brx				FAOXC16BRx	MNXR99186				0			FAOXC16BRx
MAR02588			RE3503C			RE3503C	MNXR103936	HMR_2588	RCR12020		0			HMR_2588
MAR03441		RE3150C				RE3150C	MNXR103806				0			RE3150C
MAR10164						CE2516t					0			CE2516t
MAR10433						EX_CE2516[e]					0			EX_CE2516[e]
MAR01630					R-HSA-192325	HMR_1630	MNXR125295	HMR_1630	RCR20511		0			HMR_1630
MAR01635	R08734		RE2624M		R-HSA-192056	HMR_1635;RE2624M	MNXR112240	HMR_1635	RCR13606		0	RHEA:40456	RHEA:40455	HMR_1635
MAR01637			RE3247M	r0706	R-HSA-192335	HMR_1637;RE3247M	MNXR105369;MNXR124225	HMR_1637	RCR13607		0			HMR_1637
MAR01644	R04813		RE3248M			HMR_1644		HMR_1644	RCR12830		0		RHEA:18933	HMR_1644
MAR01653	R03719	SCPx	R03719X	r0628		HMR_1653	MNXR104297;MNXR108369	HMR_1653	RCR13610		0		RHEA:16865	HMR_1653
MAR03754						RE3248M					0			RE3248M
MAR03760						RE3250M					0			RE3250M
MAR01656				r0990		r0990	MNXR105412	HMR_1656	RCR20134		0			HMR_1656
MAR07758			RT0402			HMR_7758		HMR_7758	RCR20277		0			HMR_7758
MAR01662	R07296		RE1834M			RE1834M	MNXR103558;MNXR110971	HMR_1662	RCR13611		0	RHEA:14542	RHEA:14541	HMR_1662
MAR01666					R-HSA-193399	HMR_1666	MNXR125298	HMR_1666	RCR20514		0	RHEA:72683	RHEA:72683	HMR_1666
MAR01458		HSD17B4x				HSD17B4x	MNXR100720				0			HSD17B4x
MAR01651	R04812		RE3250M			HMR_1651		HMR_1651	RCR12831		0			HMR_1651
MAR01639			RE3247X;RE3247M	r0706	R-HSA-192335	RE3247X;r0706;HMR_1637;RE3247M	MNXR105369;MNXR124225	HMR_1639;HMR_1637	RCR10917;RCR13607		0			HMR_1639;HMR_1637;MAR01637
MAR03301			RE1516X					HMR_3301	RCR12606		0			HMR_3301
MAR03306			RE1517X					HMR_3306	RCR12610		0			HMR_3306
MAR03311			RE1518X					HMR_3311	RCR14519		0			HMR_3311
MAR04966		FAOXC101C102x				FAOXC101C102x					0			FAOXC101C102x
MAR03364			RE2913X					HMR_3364	RCR12576		0			HMR_3364
MAR03369			RE2914X					HMR_3369	RCR12580		0			HMR_3369
MAR09887		GLNB0AT3tc				GLNB0AT3tc					0			GLNB0AT3tc
MAR00059		ACOX22x				ACOX22x	MNXR95389				0			ACOX22x
MAR00024						HMR_0024		HMR_0024	RCR13367		0			HMR_0024
MAR00025						HMR_0025;HMR_0030		HMR_0025;HMR_0030	RCR20226;RCR20227		0			HMR_0025;HMR_0030;MAR00030
MAR00026						HMR_0026		HMR_0026	RCR21051		0			HMR_0026
MAR00027						HMR_0027		HMR_0027	RCR21052		0			HMR_0027
MAR00028						HMR_0028		HMR_0028	RCR21053		0			HMR_0028
MAR00029						HMR_0029		HMR_0029	RCR40953		0			HMR_0029
MAR05173						HMR_5173		HMR_5173	RCR14475		0			HMR_5173
MAR05289						HMR_5289		HMR_5289	RCR14478		0			HMR_5289
MAR13064						EX_M01268[e]					0			EX_M01268[e]
MAR01515		MAOX				MAOX	MNXR101406				0	RHEA:59421	RHEA:59420	MAOX
MAR00039		13DAMPPOX				13DAMPPOX	MNXR94687				0			13DAMPPOX
MAR00096		BUP2				BUP2	MNXR96346				0			BUP2
MAR02027		r0193				r0193	MNXR105313				0			r0193
MAR02006		CPS_m				r0034					0			r0034
MAR06400	R07768		R07768C			HMR_6400	MNXR111356	HMR_6400	RCR11944		0			HMR_6400
MAR06401	R07769		R07769C			HMR_6401	MNXR111357	HMR_6401	RCR11945		0			HMR_6401
MAR03940	R01795	PHETHPTOX	R01795C	r0399		r0399	MNXR102632;MNXR107174	HMR_3940	RCR11388		0		RHEA:30787	HMR_3940
MAR07785		ATPtx				ATPtx	MNXR96140	HMR_7785	RCR20040		0			HMR_7785
MAR07775		NADHtpu				NADHtpu;NADtpu	MNXR101881	HMR_7775	RCR20024		0			HMR_7775
MAR07788		FADH2tx				FADH2tx	MNXR99212	HMR_7788	RCR20202		0			HMR_7788
MAR04915		COAtp		r0864		COAtp	MNXR96815	HMR_4915	RCR20004		0			HMR_4915
MAR07771		NADtpu				NADtx	MNXR101881	HMR_7771	RCR20023		0			HMR_7771
MAR07782		ADPtx				ADPtx	MNXR95484	HMR_7782	RCR20201		0			HMR_7782
MAR07783		AMPtp				AMPtp	MNXR95830	HMR_7783	RCR20046		0			HMR_7783
MAR07790		FADtx				FADtx	MNXR99217	HMR_7790	RCR20203		0			HMR_7790
MAR08564		KYNAKGAT				KYNAKGAT	MNXR100948	HMR_8564	RCR11356		0			HMR_8564
MAR08565	R03445	KYNATESYN				KYNATESYN	MNXR100949	HMR_8565	RCR11357		0		RHEA:42452	HMR_8565
MAR04843				r0801		r0801	MNXR105390	HMR_4843	RCR20168		0			HMR_4843
MAR09019						HMR_9019		HMR_9019	RCR20242		0			HMR_9019
MAR07823		DNDPt51m				DCTPtm	MNXR97204				0			DCTPtm
MAR07926		DGTPtm				DGTPtm	MNXR97327				0			DGTPtm
MAR01483		LIPOti				LIPOti	MNXR101093				0			LIPOti
MAR06406		LIPOti	RT1089				MNXR101093	HMR_6406	RCR41534		0			HMR_6406
MAR00478	R00844				R-HSA-75889	HMR_0478	MNXR99876	HMR_0478	RCR14575		0	RHEA:11098	RHEA:11096	HMR_0478
MAR00482	R00848;R00849	G3PD2m	R00848C	r0205		HMR_0482;r0205	MNXR99875;MNXR106713	HMR_0482;HMR_0483	RCR14578;RCR21050		0		RHEA:31283;RHEA:18977	HMR_0482;HMR_0483;MAR00483
MAR20012	R02123	HMR_6647;RADH;R_HMR_6647;R_RADH					MNXR146215				0	RHEA:42080		
MAR20089	R02701						MNXR151808				0	RHEA:18533		
MAR06398	R07770		R07770C			RE1944C	MNXR101081	HMR_6398	RCR14489		0		RHEA:12913	HMR_6398
MAR06399	R07771		R07771C			HMR_6399	MNXR111358	HMR_6399	RCR14490		0		RHEA:20473	HMR_6399
MAR06408			RT0295			HMR_6408		HMR_6408	RCR21069		0			HMR_6408
MAR11292		HXAt3				HXAt3					0			HXAt3
MAR11293		EX_hxa_e				EX_hxa[e]	MNXR98664				0			EX_hxa[e]
MAR09949		FACOAE60				HXCOAc	MNXR99139				0			HXCOAc
MAR04239	R01933	2OXOADOXm	R01933M	r0448		2OXOADOXm	MNXR94818	HMR_4239	RCR11332		0	RHEA:30796	RHEA:30795	HMR_4239
MAR04940				r0885		r0885	MNXR105402	HMR_4940	RCR20265	2.A.29.2.7	0			HMR_4940
MAR06391				r2520		r2520	MNXR106328	HMR_6391	RCR20063		0			HMR_6391
MAR06329		FAOXC8C6m				FAOXC8C6m					0			FAOXC8C6m
MAR06283		FAOXC6C4m				FAOXC6C4m					0			FAOXC6C4m
MAR06279		FAOXC61C4m				FAOXC61C4m					0			FAOXC61C4m
MAR05449		FAOXC4020m				FAOXC4C2m	MNXR99368				0			FAOXC4C2m
MAR01009		FAOXC80				FAOXC80	MNXR99373				0			FAOXC80
MAR02532		RE0702M				RE0702M	MNXR103471				0			RE0702M
MAR02534		RE0702N				RE0702N	MNXR103471				0			RE0702N
MAR03748	R01210	OIVD2m	R03171M	r0600		OIVD2m	MNXR102173;MNXR107999	HMR_3748	RCR14420		0		RHEA:13997	HMR_3748
MAR03780	R03171	OIVD3m	R03171M	r0602		OIVD3m	MNXR102174;MNXR107999	HMR_3780	RCR10345		0		RHEA:30907	HMR_3780
MAR03422						HMR_3422		HMR_3422	RCR12667		0			HMR_3422
MAR03748	R01210	OIVD2m	R03171M	r0600		OIVD2m	MNXR102173;MNXR107999	HMR_3748	RCR14420		0		RHEA:13997	HMR_3748
MAR03780	R03171	OIVD3m	R03171M	r0602		OIVD3m	MNXR102174;MNXR107999	HMR_3780	RCR10345		0		RHEA:30907	HMR_3780
MAR00789		FAOXC183803m				FAOXC183803m	MNXR99325				0			FAOXC183803m
MAR03426		HMR_3426				HMR_3426		HMR_3426	RCR12671		0			HMR_3426
MAR05019		FAOXC10C10OHm				FAOXC10C10OHm					0			FAOXC10C10OHm
MAR04967		FAOXC101C8m				FAOXC101C8m					0			FAOXC101C8m
MAR05024		FAOXC10080m				FAOXC10C8m	MNXR99262				0			FAOXC10C8m
MAR03322			RE3627X			HMR_3322	MNXR124610	HMR_3322	RCR14521		0			HMR_3322
MAR03296			RE3627M		R-HSA-109343	HMR_3296	MNXR124610	HMR_3296	RCR12779		0			HMR_3296
MAR04005						RE3627C					0			RE3627C
MAR05187		FAOXC15NADx				FAOXC15NADx	MNXR99293				0			FAOXC15NADx
MAR05186		FAOXC15NADPx				FAOXC15NADPx	MNXR99292				0			FAOXC15NADPx
MAR05358		FAOXC183C163Gm				FAOXC183C163Gm					0			FAOXC183C163Gm
MAR05195		FAOXC163C164Gm				FAOXC163C164Gm;HMR_3422		HMR_3422	RCR12667		0			FAOXC163C164Gm;HMR_3422;MAR03422
MAR05302		FAOXC164GC163m				FAOXC164GC163m;HMR_3422		HMR_3422	RCR12667		0			FAOXC164GC163m;HMR_3422;MAR03422
MAR05229		FAOXC163Gm				FAOXC163Gm;HMR_3422		HMR_3422	RCR12667		0			FAOXC163Gm;HMR_3422;MAR03422
MAR05208		FAOXC163GC142m				FAOXC163GC142m;HMR_3422		HMR_3422	RCR12667		0			FAOXC163GC142m;HMR_3422;MAR03422
MAR05356		FAOXC182C162m				FAOXC182C162m					0			FAOXC182C162m
MAR05191		FAOXC162C142m				FAOXC162C142m					0			FAOXC162C142m
MAR05123		FAOXC142C122m				FAOXC142C122m;HMR_3422		HMR_3422	RCR12667		0			FAOXC142C122m;HMR_3422;MAR03422
MAR05075		FAOXC122m				FAOXC122m;HMR_3422		HMR_3422	RCR12667		0			FAOXC122m;HMR_3422;MAR03422
MAR05072		FAOXC122C101m				FAOXC122C101m;HMR_3422		HMR_3422	RCR12667		0			FAOXC122C101m;HMR_3422;MAR03422
MAR00965		FAOXC2252053m				FAOXC2252053m	MNXR99352				0			FAOXC2252053m
MAR04774	R03237		R03237C	r0610		r0610	MNXR105355;MNXR108039	HMR_4774	RCR11046		0			HMR_4774
MAR04775	R03239		R03239C	r0611		r0611	MNXR105356;MNXR108041	HMR_4775	RCR14197		0			HMR_4775
MAR01788		THMMPtm				THMMPtm	MNXR104822				0			THMMPtm
MAR01789		THMPPtm				THMPPtm	MNXR104824				0			THMPPtm
MAR04205			RT0084			HMR_4205		HMR_4205	RCR20258		0			HMR_4205
MAR08745		THMMPtm					MNXR104822	HMR_8745	RCR20669		0			HMR_8745
MAR08747		THMPPtm					MNXR104824	HMR_8747	RCR20670		0			HMR_8747
MAR07799		ATPasel					MNXR96136	HMR_7799	RCR20334		0			HMR_7799
MAR00776		FAOXC180				FAOXC180	MNXR99313				0			FAOXC180
MAR00778		FAOXC1811601m				FAOXC1811601m	MNXR99315				0			FAOXC1811601m
MAR05831				r1916		r1916	MNXR105828	HMR_5831	RCR41333		0			HMR_5831
MAR05745				r1830		r1830	MNXR105752	HMR_5745	RCR41247		0			HMR_5745
MAR05746				r1831		r1831	MNXR105753	HMR_5746	RCR41248		0			HMR_5746
MAR05805				r1890		r1890	MNXR105802	HMR_5805	RCR41307		0			HMR_5805
MAR05743				r1828		r1828	MNXR105750	HMR_5743	RCR41245		0			HMR_5743
MAR05891				r1976		r1976	MNXR105887	HMR_5891	RCR41393		0			HMR_5891
MAR05741				r1826		r1826	MNXR105748	HMR_5741	RCR41243		0			HMR_5741
MAR05813				r1898		r1898	MNXR105810	HMR_5813	RCR41315		0			HMR_5813
MAR05738				r1823		r1823	MNXR105745	HMR_5738	RCR41240		0			HMR_5738
MAR05821				r1906		r1906	MNXR105818	HMR_5821	RCR41323		0			HMR_5821
MAR05467				r1552		r1552	MNXR105511	HMR_5467	RCR40117	2.A.3.8.1	0			HMR_5467
MAR06379		HOMt4		r2476		HOMt4	MNXR100677	HMR_6379	RCR41527	2.A.18.6.5	0			HMR_6379
MAR05886				r1971		r1971	MNXR105882	HMR_5886	RCR41388		0			HMR_5886
MAR05786				r1871		r1871	MNXR105785	HMR_5786	RCR41288		0			HMR_5786
MAR05901				r1986		r1986	MNXR105897	HMR_5901	RCR41403		0			HMR_5901
MAR05801				r1886		r1886	MNXR105798	HMR_5801	RCR41303		0			HMR_5801
MAR05806				r1891		r1891	MNXR105803	HMR_5806	RCR41308		0			HMR_5806
MAR05757				r1842		r1842	MNXR105761	HMR_5757	RCR41259		0			HMR_5757
MAR05770				r1855		r1855	MNXR105772	HMR_5770	RCR41272		0			HMR_5770
MAR05771				r1856		r1856	MNXR105773	HMR_5771	RCR41273		0			HMR_5771
MAR05773				r1858		r1858	MNXR105775	HMR_5773	RCR41275		0			HMR_5773
MAR05804				r1889		r1889	MNXR105801	HMR_5804	RCR41306		0			HMR_5804
MAR05789				r1874		r1874	MNXR105788	HMR_5789	RCR41291		0			HMR_5789
MAR05811				r1896		r1896	MNXR105808	HMR_5811	RCR41313		0			HMR_5811
MAR05802				r1887		r1887	MNXR105799	HMR_5802	RCR41304		0			HMR_5802
MAR05774				r1859		r1859	MNXR105776	HMR_5774	RCR41276		0			HMR_5774
MAR05809				r1894		r1894	MNXR105806	HMR_5809	RCR41311		0			HMR_5809
MAR06383		HOMt4		r2480			MNXR100677	HMR_6383	RCR41531	2.A.18.6.8	0			HMR_6383
MAR05799				r1884		r1884	MNXR105796	HMR_5799	RCR41301		0			HMR_5799
MAR05761				r1846		r1846	MNXR105764	HMR_5761	RCR41263		0			HMR_5761
MAR05756				r1841		r1841	MNXR105760	HMR_5756	RCR41258		0			HMR_5756
MAR05818				r1903		r1903	MNXR105815	HMR_5818	RCR41320		0			HMR_5818
MAR05803				r1888		r1888	MNXR105800	HMR_5803	RCR41305		0			HMR_5803
MAR05856				r1941		r1941	MNXR105852	HMR_5856	RCR41358		0			HMR_5856
MAR05758				r1843		r1843	MNXR105762	HMR_5758	RCR41260		0			HMR_5758
MAR05775				r1860		r1860	MNXR105777	HMR_5775	RCR41277		0			HMR_5775
MAR05744				r1829		r1829	MNXR105751	HMR_5744	RCR41246		0			HMR_5744
MAR05798				r1883		r1883	MNXR105795	HMR_5798	RCR41300		0			HMR_5798
MAR05769				r1854		r1854	MNXR105771	HMR_5769	RCR41271		0			HMR_5769
MAR05816				r1901		r1901	MNXR105813	HMR_5816	RCR41318		0			HMR_5816
MAR05794				r1879		r1879	MNXR105791	HMR_5794	RCR41296		0			HMR_5794
MAR05759				r1844		r1844	MNXR105763	HMR_5759	RCR41261		0			HMR_5759
MAR03102						HMR_3102		HMR_3102	RCR12543		0			HMR_3102
MAR03103	R03026					ECOAH1x		HMR_3103	RCR12544		0		RHEA:26558	HMR_3103
MAR04933				r0879		r0879	MNXR95660	HMR_4933	RCR40980	2.A.29.2.4;2.A.29.16.1	0			HMR_4933
MAR06332		DNDPt13m		r2421		DNDPt13m	MNXR97631	HMR_6332	RCR20118	2.A.29.16.1	0			HMR_6332
MAR06333		DNDPt32m		r2422		DNDPt32m	MNXR97648	HMR_6333	RCR20179	2.A.29.16.1	0			HMR_6333
MAR06334		DNDPt19m		r2423		DNDPt19m	MNXR97637	HMR_6334	RCR20614	2.A.29.16.1	0			HMR_6334
MAR06335		DNDPt12m		r2424		DNDPt12m	MNXR97630	HMR_6335	RCR20119	2.A.29.16.1	0			HMR_6335
MAR06336				r2425		r2425	MNXR106294	HMR_6336	RCR20180	2.A.29.16.1	0			HMR_6336
MAR06337		DNDPt18m		r2426		DNDPt18m	MNXR97636	HMR_6337	RCR20615	2.A.29.16.1	0			HMR_6337
MAR06338		DNDPt2m		r2427		DNDPt2m	MNXR97645	HMR_6338	RCR20077	2.A.29.16.1	0			HMR_6338
MAR06339		DNDPt57m		r2428		DNDPt57m	MNXR97670	HMR_6339	RCR20139	2.A.29.16.1	0			HMR_6339
MAR06340		DNDPt43m		r2429		DNDPt43m	MNXR97656	HMR_6340	RCR20275	2.A.29.16.1	0			HMR_6340
MAR06341		DNDPt1m		r2430		DNDPt1m	MNXR97638	HMR_6341	RCR20078	2.A.29.16.1	0			HMR_6341
MAR06342		DNDPt58m		r2431		DNDPt58m	MNXR97671	HMR_6342	RCR20140	2.A.29.16.1	0			HMR_6342
MAR06343		DNDPt42m		r2432		DNDPt42m	MNXR97655	HMR_6343	RCR20276	2.A.29.16.1	0			HMR_6343
MAR07804		DNDPt29m				DNDPt29m;DNDPt10m	MNXR97628	HMR_7804	RCR20121		0			HMR_7804
MAR07806		DNDPt35m				DNDPt35m;DNDPt11m	MNXR97629	HMR_7806	RCR20183		0			HMR_7806
MAR07808		DNDPt22m				DNDPt22m;DNDPt14m	MNXR97632	HMR_7808	RCR20635		0			HMR_7808
MAR07810		DNDPt33m				DNDPt33m;DNDPt15m	MNXR97633	HMR_7810	RCR20636		0			HMR_7810
MAR07812		DNDPt8m				DNDPt8m;DNDPt16m	MNXR97634	HMR_7812	RCR20637		0			HMR_7812
MAR07814		DNDPt26m				DNDPt26m;DNDPt17m	MNXR97635	HMR_7814	RCR20638		0			HMR_7814
MAR07815		DNDPt20m				DNDPt20m	MNXR97639	HMR_7815	RCR20184		0			HMR_7815
MAR07816		DNDPt21m				DNDPt21m	MNXR97640	HMR_7816	RCR20185		0			HMR_7816
MAR07818		DNDPt34m				DNDPt34m;DNDPt23m	MNXR97641	HMR_7818	RCR20186		0			HMR_7818
MAR07820		DNDPt9m				DNDPt9m;DNDPt24m	MNXR97642	HMR_7820	RCR20187		0			HMR_7820
MAR07822		DNDPt27m				DNDPt27m;DNDPt25m	MNXR97643	HMR_7822	RCR20188		0			HMR_7822
MAR07824		DNDPt36m				DNDPt36m;DNDPt28m	MNXR97644	HMR_7824	RCR20189		0			HMR_7824
MAR07825		DNDPt30m				DNDPt30m	MNXR97646	HMR_7825	RCR20057		0			HMR_7825
MAR07826		DNDPt31m				DNDPt31m	MNXR97647	HMR_7826	RCR20058		0			HMR_7826
MAR07827		DNDPt37m				DNDPt37m	MNXR97649	HMR_7827	RCR20278		0			HMR_7827
MAR07828		DNDPt38m				DNDPt38m	MNXR97650	HMR_7828	RCR20639		0			HMR_7828
MAR07829		DNDPt39m				DNDPt39m	MNXR97651	HMR_7829	RCR20279		0			HMR_7829
MAR07830		DNDPt3m				DNDPt3m	MNXR97652	HMR_7830	RCR20079		0			HMR_7830
MAR07831		DNDPt40m				DNDPt40m	MNXR97653	HMR_7831	RCR20280		0			HMR_7831
MAR07832		DNDPt41m				DNDPt41m	MNXR97654	HMR_7832	RCR20281		0			HMR_7832
MAR07833		DNDPt44m				DNDPt44m	MNXR97657	HMR_7833	RCR20282		0			HMR_7833
MAR07834		DNDPt45m				DNDPt45m	MNXR97658	HMR_7834	RCR20283		0			HMR_7834
MAR07835		DNDPt46m				DNDPt46m	MNXR97659	HMR_7835	RCR20640		0			HMR_7835
MAR07836		DNDPt47m				DNDPt47m	MNXR97660	HMR_7836	RCR20284		0			HMR_7836
MAR07837		DNDPt48m				DNDPt48m	MNXR97661	HMR_7837	RCR20285		0			HMR_7837
MAR07838		DNDPt49m				DNDPt49m	MNXR97662	HMR_7838	RCR20286		0			HMR_7838
MAR07839		DNDPt4m				DNDPt4m	MNXR97663	HMR_7839	RCR20641		0			HMR_7839
MAR07840		DNDPt50m				DNDPt50m	MNXR97664	HMR_7840	RCR20287		0			HMR_7840
MAR07841		DNDPt51m				DNDPt51m	MNXR97204	HMR_7841	RCR20141		0			HMR_7841
MAR07842		DNDPt52m				DNDPt52m	MNXR97665	HMR_7842	RCR20642		0			HMR_7842
MAR07843		DNDPt53m				DNDPt53m	MNXR97666	HMR_7843	RCR20190		0			HMR_7843
MAR07844		DNDPt54m				DNDPt54m	MNXR97667	HMR_7844	RCR20142		0			HMR_7844
MAR07845		DNDPt55m				DNDPt55m	MNXR97668	HMR_7845	RCR20143		0			HMR_7845
MAR07846		DNDPt56m				DNDPt56m	MNXR97669	HMR_7846	RCR20144		0			HMR_7846
MAR07847		DNDPt59m				DNDPt59m	MNXR97672	HMR_7847	RCR20145		0			HMR_7847
MAR07848		DNDPt5m				DNDPt5m	MNXR97673	HMR_7848	RCR20191		0			HMR_7848
MAR07849		DNDPt60m				DNDPt60m	MNXR97674	HMR_7849	RCR20643		0			HMR_7849
MAR07850		DNDPt61m				DNDPt61m	MNXR97675	HMR_7850	RCR20192		0			HMR_7850
MAR07851		DNDPt62m				DNDPt62m	MNXR97327	HMR_7851	RCR20193		0			HMR_7851
MAR07852		DNDPt63m				DNDPt63m	MNXR97676	HMR_7852	RCR20146		0			HMR_7852
MAR07853		DNDPt6m				DNDPt6m	MNXR97677	HMR_7853	RCR20194		0			HMR_7853
MAR07854		DNDPt7m				DNDPt7m	MNXR97175	HMR_7854	RCR20122		0			HMR_7854

MAR08611	R10507	PROD2m		r1453		PROD2m	MNXR103187	HMR_8611;HMR_3838	RCR11294;RCR14286		0			HMR_8611;HMR_3838;MAR03838
MAR00449	R00848;R00849			r0205	R-HSA-188467	GLYC3PFADm;r0205	MNXR99875;MNXR106713	HMR_0449;HMR_0483	RCR12494;RCR21050		0		RHEA:31283;RHEA:18977	HMR_0449;HMR_0483
MAR01169	R00849;R00848	G3PD2m	R00848C	r0205		G3PD2m;r0205;HMR_0482	MNXR99878;MNXR106713;MNXR192664	HMR_0483;HMR_0482	RCR21050;RCR14578		0		RHEA:18977	G3PD2m;HMR_0483;HMR_0482;MAR00482;MAR00483
MAR08111		DHAPtm				DHAPtc	MNXR97366				0			DHAPtc
