genes	geneUniProtID	compartments
ENSG00000000419	O60762	Endoplasmic reticulum
ENSG00000001036	Q9BTY2	
ENSG00000001084	P48506	
ENSG00000001630	Q16850	Endoplasmic reticulum
ENSG00000002549	P28838	Cytosol
ENSG00000002587	O14792	Golgi apparatus
ENSG00000002726	P19801	
ENSG00000002746	Q76N89	Cytosol
ENSG00000003137	Q9NR63	Endoplasmic reticulum
ENSG00000003987	Q9Y216	Cytosol;Golgi apparatus
ENSG00000003989	P52569	
ENSG00000004455	P54819	
ENSG00000004468	P28907	
ENSG00000004478	Q02790	Cytosol;Nucleus
ENSG00000004779	O14561	
ENSG00000004799	Q16654	
ENSG00000004809	Q86VW1	
ENSG00000004864	Q9UJS0	
ENSG00000004939	P02730	
ENSG00000004961	P53701	
ENSG00000005022	P05141	
ENSG00000005075	P52435	Nucleus
ENSG00000005187	Q53FZ2	
ENSG00000005339	Q92793	Cytosol;Nucleus
ENSG00000005381	P05164	Lysosome
ENSG00000005421	P27169	
ENSG00000005469	Q9UKG9	Peroxisome
ENSG00000005471	P21439	Cytosol
ENSG00000005483	Q8IZD2	Cytosol;Nucleus
ENSG00000005810	O75592	Cytosol;Nucleus
ENSG00000005882	Q15119	
ENSG00000006007	Q9NZC3	Cytosol
ENSG00000006071	Q09428	
ENSG00000006530	Q53H12	
ENSG00000006534	P43353	Cytosol
ENSG00000006625	O75223	
ENSG00000006695	Q12887	
ENSG00000006756	P51689	
ENSG00000006757	P41247	
ENSG00000007001	O95045	
ENSG00000007168	P43034	Cytosol;Nucleus
ENSG00000007171	P35228	Cytosol
ENSG00000007216	Q13183	
ENSG00000007350	P51854	Cytosol;Nucleus
ENSG00000007541	Q9BRB3	
ENSG00000007933	P31513	Endoplasmic reticulum
ENSG00000007944	Q8WY64	Cytosol
ENSG00000008130	O95544	
ENSG00000008300	Q9NYQ7	
ENSG00000008311	Q9UDR5	
ENSG00000008394	P10620	Endoplasmic reticulum
ENSG00000008438	O75594	Cytosol
ENSG00000008513	Q11201	Golgi apparatus
ENSG00000009335	Q15386	
ENSG00000009413	O60673	Nucleus
ENSG00000009830	Q9UKY4	Endoplasmic reticulum
ENSG00000010165	Q8N6R0	Cytosol;Nucleus
ENSG00000010256	P31930	
ENSG00000010379	Q9NSD5	
ENSG00000010404	P22304	Lysosome
ENSG00000010932	Q01740	Endoplasmic reticulum
ENSG00000011009	O95372	Cytosol
ENSG00000011052		
ENSG00000011083	Q99884	
ENSG00000011198	Q8WTS1	Cytosol
ENSG00000011275	Q9NWF9	Cytosol
ENSG00000011405	O00443	Cytosol;Golgi apparatus;Nucleus
ENSG00000012232	O43909	Endoplasmic reticulum;Golgi apparatus
ENSG00000012660	Q9NYP7	Endoplasmic reticulum
ENSG00000012779	P09917	Cytosol;Nucleus
ENSG00000012963	Q8N806	
ENSG00000013288	Q9Y2E5	
ENSG00000013375	O95394	
ENSG00000013392	Q9UIY3	
ENSG00000013503	Q9NW08	Nucleus
ENSG00000013561	Q9UBS8	Cytosol;Nucleus
ENSG00000014138	Q14181	Nucleus
ENSG00000014257	P15309	Cytosol;Lysosome;Nucleus
ENSG00000014641	P40925	Cytosol
ENSG00000015413	P16444	
ENSG00000015520	Q9UHC9	Cytosol
ENSG00000015532	Q9H1B5	Golgi apparatus
ENSG00000016391	Q8NE62	
ENSG00000016864	Q68CQ7	
ENSG00000017260	P98194	Golgi apparatus
ENSG00000017483	Q8WUX1	
ENSG00000017797	Q15311	Cytosol;Nucleus
ENSG00000018280	P49279	
ENSG00000018510	O00116	Peroxisome
ENSG00000018625	P50993	
ENSG00000019186	Q07973	
ENSG00000021461	Q9HB55	Endoplasmic reticulum
ENSG00000021488	P82251	
ENSG00000021826	P31327	Nucleus
ENSG00000023041	Q9H6R6	Endoplasmic reticulum
ENSG00000023228	P28331	
ENSG00000023330	P13196	
ENSG00000023572	Q9NS18	Nucleus
ENSG00000023697	Q9Y315	Cytosol;Nucleus
ENSG00000023839	Q92887	
ENSG00000023909	P48507	
ENSG00000024048	Q8IWV8	Nucleus
ENSG00000025423	O14756	
ENSG00000025708	P19971	
ENSG00000025800	O60684	
ENSG00000026103	P25445	
ENSG00000026652	Q9NRZ5	Endoplasmic reticulum
ENSG00000027847	Q9UBV7	Golgi apparatus
ENSG00000029639	Q8WVM0	
ENSG00000030066	Q12769	Nucleus
ENSG00000031698	P49591	Cytosol;Nucleus
ENSG00000032444	Q8IY17	Endoplasmic reticulum
ENSG00000033011	Q9BT22	Endoplasmic reticulum
ENSG00000033100	Q9P2E5	
ENSG00000033170	Q9BYC5	Golgi apparatus
ENSG00000033178	A0AVT1	
ENSG00000033627	Q93050	Cytosol
ENSG00000033867	Q9Y6M7	
ENSG00000034677	Q9NV58	Cytosol
ENSG00000035687	P30520	Cytosol
ENSG00000036473	P00480	
ENSG00000036530	Q9Y6A2	Endoplasmic reticulum
ENSG00000036565	P54219	Cytosol;Endoplasmic reticulum
ENSG00000036672	O75604	Cytosol;Nucleus
ENSG00000037757	Q9BV20	Cytosol;Nucleus
ENSG00000037897	Q9UBP6	Nucleus
ENSG00000038002	P20933	Lysosome
ENSG00000038210	Q8TCG2	Cytosol;Endoplasmic reticulum;Golgi apparatus
ENSG00000038274	Q9NZL9	
ENSG00000039123	P42285	Nucleus
ENSG00000039650	Q96T60	Nucleus
ENSG00000040933	Q96PE3	Cytosol;Nucleus
ENSG00000041880	Q9Y6F1	Cytosol;Nucleus
ENSG00000043514	Q9H3H1	Cytosol
ENSG00000044446	P46019	Cytosol
ENSG00000047230	Q9NRF8	
ENSG00000047249	Q9UI12	Cytosol
ENSG00000047315	P30876	Nucleus
ENSG00000047410	P12270	Cytosol;Nucleus
ENSG00000047457	P00450	
ENSG00000048028	Q96RU2	Nucleus
ENSG00000048392	Q7LG56	Cytosol;Nucleus
ENSG00000049239	O95479	Endoplasmic reticulum
ENSG00000049759	Q96PU5	Cytosol;Golgi apparatus
ENSG00000049860	P07686	Cytosol;Lysosome
ENSG00000050438	Q2Y0W8	
ENSG00000051341	O75417	Nucleus
ENSG00000051382	P42338	Cytosol;Nucleus
ENSG00000052802	Q15800	Endoplasmic reticulum
ENSG00000053371	O43488	Cytosol;Golgi apparatus
ENSG00000054148	Q9NRX4	Cytosol
ENSG00000054179	Q9Y5L3	Endoplasmic reticulum
ENSG00000054267	Q4LE39	Cytosol;Nucleus
ENSG00000054392	Q5VTY9	Endoplasmic reticulum;Golgi apparatus
ENSG00000054983	P54803	Lysosome
ENSG00000055483	Q9P275	Cytosol;Nucleus
ENSG00000055609	Q8NEZ4	Nucleus
ENSG00000056998	O15488	
ENSG00000057252	P35610	Endoplasmic reticulum
ENSG00000058056	Q92995	
ENSG00000058600	Q9NVU0	Nucleus
ENSG00000058668	P23634	
ENSG00000058804	Q9BTX1	Nucleus
ENSG00000058866	P49619	Cytosol
ENSG00000059377	P24557	Endoplasmic reticulum
ENSG00000059378	Q9H0J9	Nucleus
ENSG00000059573	P54886	
ENSG00000059588	Q13395	
ENSG00000059804	P11169	
ENSG00000060642	Q9NUD9	Endoplasmic reticulum
ENSG00000060762	Q9Y5U8	
ENSG00000060971	P09110	Peroxisome
ENSG00000060982	P54687	Cytosol
ENSG00000061918	Q02153	Cytosol
ENSG00000062282	Q96PD7	Cytosol;Endoplasmic reticulum
ENSG00000062485	O75390	
ENSG00000062822	P28340	Nucleus
ENSG00000063176	Q9NRA0	Cytosol;Lysosome;Endoplasmic reticulum;Nucleus
ENSG00000063601	Q13613	Cytosol
ENSG00000063854	Q16775	Cytosol
ENSG00000064225	Q9Y274	Golgi apparatus
ENSG00000064270	O75185	Golgi apparatus
ENSG00000064601	P10619	Lysosome
ENSG00000064651	P55011	
ENSG00000064763	Q96K12	Peroxisome
ENSG00000065154	P04181	
ENSG00000065357	P23743	Cytosol
ENSG00000065427	Q15046	Cytosol;Nucleus
ENSG00000065485	Q14554	Endoplasmic reticulum
ENSG00000065518	O95168	
ENSG00000065534	Q15746	Cytosol
ENSG00000065615	Q7L1T6	Endoplasmic reticulum
ENSG00000065621	Q9H4Y5	
ENSG00000065833	P48163	Cytosol
ENSG00000065911	P13995	
ENSG00000065923	Q96T83	Golgi apparatus
ENSG00000065989	P27815	Cytosol
ENSG00000066230	P48764	
ENSG00000066322	Q9BW60	Endoplasmic reticulum
ENSG00000066379	Q9P1U0	
ENSG00000066651	Q7Z4G4	
ENSG00000066813	Q68CK6	
ENSG00000066926	P22830	
ENSG00000067057	Q01813	Cytosol
ENSG00000067064	Q13907	Peroxisome
ENSG00000067113	O14494	
ENSG00000067177	P46020	Cytosol
ENSG00000067225	P14618	Cytosol;Nucleus
ENSG00000067365	Q9BUU2	Nucleus
ENSG00000067829	P51553	
ENSG00000067840	Q76G19	
ENSG00000067842	Q16720	
ENSG00000067992	Q15120	
ENSG00000068001	Q12891	
ENSG00000068120	Q13057	Cytosol
ENSG00000068308	Q96G74	Nucleus
ENSG00000068366	O60488	Peroxisome;Endoplasmic reticulum
ENSG00000068383	Q14642	
ENSG00000068438	Q9UET6	Cytosol
ENSG00000068650	P98196	Endoplasmic reticulum
ENSG00000068654	O95602	Nucleus
ENSG00000068745	Q9UHH9	Nucleus
ENSG00000068903	Q8IXJ6	Cytosol;Nucleus
ENSG00000068976	P11217	
ENSG00000069248	Q8WUM0	Cytosol;Nucleus
ENSG00000069431	O60706	
ENSG00000069535	P27338	Cytosol
ENSG00000069667	P35398	Nucleus
ENSG00000069764	O15496	Cytosol;Lysosome
ENSG00000069849	P54709	
ENSG00000069869	P46934	Cytosol;Nucleus
ENSG00000069943	Q92521	Endoplasmic reticulum
ENSG00000070019	P25092	Endoplasmic reticulum
ENSG00000070214	Q8WWI5	
ENSG00000070423	Q9BV68	Cytosol;Nucleus
ENSG00000070501	P06746	Cytosol;Nucleus
ENSG00000070526	Q9NSC7	Golgi apparatus
ENSG00000070610	Q9HCG7	Cytosol;Endoplasmic reticulum;Golgi apparatus
ENSG00000070614	P52848	Golgi apparatus
ENSG00000070669	P08243	
ENSG00000070731	Q9UJ37	Golgi apparatus
ENSG00000070748	P28329	
ENSG00000070915	P55017	
ENSG00000070950	Q9NS91	Cytosol;Nucleus
ENSG00000070961	P20020	Cytosol
ENSG00000071073	Q9UM21	Golgi apparatus
ENSG00000071462	O43709	Cytosol;Lysosome;Nucleus
ENSG00000071553	Q15904	Cytosol;Endoplasmic reticulum
ENSG00000071794	Q14527	Cytosol;Nucleus
ENSG00000071967	Q53TN4	
ENSG00000072041	Q9H2J7	
ENSG00000072042	Q8TC12	Endoplasmic reticulum
ENSG00000072062	P17612	Cytosol;Nucleus
ENSG00000072210	P51648	Cytosol;Endoplasmic reticulum
ENSG00000072274	P02786	
ENSG00000072310	P36956	Cytosol;Endoplasmic reticulum;Golgi apparatus;Nucleus
ENSG00000072401	P51668	Cytosol
ENSG00000072506	Q99714	
ENSG00000072609	Q96EP1	Nucleus
ENSG00000072657	Q9UKU6	
ENSG00000072682	O15460	Endoplasmic reticulum
ENSG00000072756	Q96Q11	
ENSG00000072778	P49748	
ENSG00000073060	Q8WTV0	
ENSG00000073417	O60658	
ENSG00000073578	P31040	
ENSG00000073734	O95342	
ENSG00000073737	Q9BPW9	Endoplasmic reticulum
ENSG00000073756	P35354	Endoplasmic reticulum;Nucleus
ENSG00000073849	P15907	Golgi apparatus
ENSG00000074370	Q93084	Endoplasmic reticulum;Nucleus
ENSG00000074410	O43570	
ENSG00000074416	Q99685	Cytosol
ENSG00000074621	O60721	
ENSG00000074696	Q9P035	Endoplasmic reticulum
ENSG00000074800	P06733	Cytosol;Nucleus
ENSG00000074803	Q13621	
ENSG00000075188	Q8NFH4	Nucleus
ENSG00000075239	P24752	
ENSG00000075415	Q00325	
ENSG00000075651	Q13393	Cytosol;Endoplasmic reticulum;Golgi apparatus
ENSG00000075673	P54707	
ENSG00000075975	Q9H000	Cytosol;Nucleus
ENSG00000076258	P31512	Endoplasmic reticulum
ENSG00000076351	Q96NT5	Cytosol
ENSG00000076555	O00763	
ENSG00000076685	P49902	Cytosol
ENSG00000077009	Q9NPI5	
ENSG00000077044	Q16760	Cytosol
ENSG00000077152	Q9NPD8	Nucleus
ENSG00000077254	Q8TEY7	Cytosol;Golgi apparatus
ENSG00000077463	Q8N6T7	Endoplasmic reticulum;Nucleus
ENSG00000077498	P14679	
ENSG00000077514	Q15054	Cytosol;Nucleus
ENSG00000077721	P49459	
ENSG00000077800	O75344	Cytosol;Nucleus
ENSG00000078070	Q96RQ3	
ENSG00000078124	Q9NUN7	Endoplasmic reticulum;Golgi apparatus
ENSG00000078140	P61086	Cytosol
ENSG00000078142	Q8NEB9	Cytosol
ENSG00000078237	Q9NQ88	Cytosol;Nucleus
ENSG00000078269	O15056	Cytosol;Nucleus
ENSG00000078295	Q08462	Cytosol
ENSG00000078747	Q96J02	Cytosol;Nucleus
ENSG00000078967	Q9Y2X8	
ENSG00000079150	Q9Y680	Endoplasmic reticulum
ENSG00000079215	P43003	
ENSG00000079435	Q05469	Cytosol
ENSG00000079459	P37268	Endoplasmic reticulum
ENSG00000079462	Q15102	Cytosol
ENSG00000079739	P36871	Cytosol
ENSG00000079805	P50570	Cytosol
ENSG00000080166	P40126	
ENSG00000080493	Q9Y6R1	
ENSG00000080511	Q9NYR8	
ENSG00000080802	O95628	Cytosol;Nucleus
ENSG00000080819	P36551	
ENSG00000081181	P78540	
ENSG00000081479	P98164	
ENSG00000081760	Q86V21	
ENSG00000081800	Q9BZW2	
ENSG00000081923	O43520	Endoplasmic reticulum;Golgi apparatus
ENSG00000082014	Q6STE5	Nucleus
ENSG00000082212	P23368	
ENSG00000082996	O43567	Lysosome;Endoplasmic reticulum;Nucleus
ENSG00000083123	P21953	
ENSG00000083168	Q92794	Nucleus
ENSG00000083223	Q5VYS8	Cytosol
ENSG00000083444	Q02809	Endoplasmic reticulum
ENSG00000083720	P55809	
ENSG00000083799	Q9NQC7	Cytosol
ENSG00000083807	Q9Y2P5	Endoplasmic reticulum
ENSG00000084072	Q9UNP9	Nucleus
ENSG00000084073	O75844	Endoplasmic reticulum;Nucleus
ENSG00000084090	Q9NQZ5	
ENSG00000084110	P42357	
ENSG00000084207	P09211	Cytosol;Nucleus
ENSG00000084453	P46721	
ENSG00000084674	P04114	Cytosol
ENSG00000084676	Q15788	Nucleus
ENSG00000084754	P40939	
ENSG00000084774	P27708	Cytosol;Nucleus
ENSG00000085231	Q9Y3D8	Nucleus
ENSG00000085377	P48147	Cytosol
ENSG00000085382	Q8IYU2	Cytosol;Endoplasmic reticulum;Golgi apparatus
ENSG00000085415	Q96EE3	Lysosome;Nucleus
ENSG00000085563	P08183	
ENSG00000085662	P15121	Cytosol
ENSG00000085871	Q99735	Endoplasmic reticulum
ENSG00000085982	Q9NVE5	
ENSG00000085998	Q8WZA1	Golgi apparatus
ENSG00000086062	P15291	Golgi apparatus
ENSG00000086159	Q13520	Cytosol
ENSG00000086475	P49903	Cytosol;Nucleus
ENSG00000086544	Q96DU7	Cytosol;Nucleus
ENSG00000086696	P37059	Endoplasmic reticulum
ENSG00000086758	Q7Z6Z7	Cytosol;Nucleus
ENSG00000086848	Q9H6U8	Endoplasmic reticulum
ENSG00000087008	O15254	Peroxisome
ENSG00000087053	Q13614	Cytosol
ENSG00000087076	Q9BPX1	Cytosol
ENSG00000087085	P22303	Nucleus
ENSG00000087111	Q96S52	Endoplasmic reticulum
ENSG00000087157	Q32NB8	
ENSG00000087253	Q7L5N7	Endoplasmic reticulum;Golgi apparatus
ENSG00000087299	Q9H9P8	
ENSG00000087470	O00429	Peroxisome;Cytosol;Endoplasmic reticulum;Golgi apparatus
ENSG00000087995	Q96IZ6	Cytosol
ENSG00000088002	O00204	Cytosol;Nucleus
ENSG00000088035	Q9Y672	Endoplasmic reticulum
ENSG00000088305	Q9UBC3	Nucleus
ENSG00000088386	P46059	
ENSG00000088451	O95455	
ENSG00000088766	Q9UJA2	
ENSG00000088826	Q9NWM0	Cytosol;Nucleus
ENSG00000088832	P62942	Cytosol
ENSG00000089057	Q9UGH3	
ENSG00000089060	Q6J4K2	
ENSG00000089234	Q7Z569	Cytosol
ENSG00000089250	P29475	
ENSG00000089472	Q9BQS7	
ENSG00000089597	Q14697	Endoplasmic reticulum;Golgi apparatus
ENSG00000090013	P30043	Cytosol
ENSG00000090020	P19634	Endoplasmic reticulum
ENSG00000090054	O15269	Endoplasmic reticulum
ENSG00000090060	P51003	Cytosol;Nucleus
ENSG00000090266	O95178	
ENSG00000090402	P14410	
ENSG00000090432	Q969V5	Peroxisome
ENSG00000090661	Q9HA82	Endoplasmic reticulum
ENSG00000090686	Q86UV5	Cytosol;Nucleus
ENSG00000090857	Q8NCN5	
ENSG00000090861	P49588	Cytosol
ENSG00000090971	Q8WUY8	
ENSG00000091137	O43511	
ENSG00000091138	P40879	
ENSG00000091140	P09622	Cytosol;Nucleus
ENSG00000091483	P07954	Cytosol;Nucleus
ENSG00000091664	Q9P2U8	
ENSG00000091704	P15085	
ENSG00000092009	P23946	Cytosol
ENSG00000092068	Q9UHI5	Cytosol
ENSG00000092098	Q96EP0	Cytosol
ENSG00000092148	Q9ULT8	
ENSG00000092295	P22735	
ENSG00000092529	P20807	Cytosol;Nucleus
ENSG00000092621	O43175	
ENSG00000092964	Q16555	Cytosol
ENSG00000093000	Q9UKX7	Nucleus
ENSG00000093010	P21964	Cytosol
ENSG00000093072	Q9NZK5	
ENSG00000093217	O75191	
ENSG00000094841	Q96BW1	Cytosol;Nucleus
ENSG00000094914	Q9NRG9	Cytosol;Nucleus
ENSG00000094963	Q99518	Endoplasmic reticulum
ENSG00000095059	P49366	
ENSG00000095139	P48444	Cytosol;Golgi apparatus
ENSG00000095303	P23219	Endoplasmic reticulum
ENSG00000095319	Q5SRE5	Nucleus
ENSG00000095321	P43155	Peroxisome;Endoplasmic reticulum
ENSG00000095380	Q9NR45	
ENSG00000095464	P51160	Cytosol
ENSG00000095596	O43174	Endoplasmic reticulum
ENSG00000095917	Q9BZJ3	
ENSG00000096006	P54108	
ENSG00000096060	Q13451	Cytosol;Nucleus
ENSG00000096717	Q96EB6	Cytosol;Nucleus
ENSG00000097021	O00154	Cytosol
ENSG00000097033	Q9Y371	Cytosol;Golgi apparatus
ENSG00000099194	O00767	Endoplasmic reticulum
ENSG00000099377	Q9H2F3	Endoplasmic reticulum
ENSG00000099381	O15047	Nucleus
ENSG00000099624	P30049	
ENSG00000099785	Q9P0N8	Cytosol;Lysosome;Endoplasmic reticulum;Golgi apparatus
ENSG00000099795	P17568	
ENSG00000099797	Q9NZ01	Endoplasmic reticulum
ENSG00000099804	P49427	Cytosol;Nucleus
ENSG00000099810	Q13126	Cytosol;Nucleus
ENSG00000099817	P19388	Nucleus
ENSG00000099821	O00411	
ENSG00000099904	Q9ULC8	Golgi apparatus
ENSG00000099984		
ENSG00000099998	P36269	
ENSG00000100023	Q13356	Cytosol;Nucleus
ENSG00000100024	Q9UBR1	Cytosol
ENSG00000100031	P19440	
ENSG00000100033	O43272	
ENSG00000100075	P53007	
ENSG00000100077	P35626	
ENSG00000100078	Q9NZ20	Cytosol
ENSG00000100092	Q9Y3L3	Cytosol;Nucleus
ENSG00000100101		
ENSG00000100116	O75600	Nucleus
ENSG00000100121	Q14390	
ENSG00000100142	P61218	Nucleus
ENSG00000100156	O95907	Cytosol
ENSG00000100170	P13866	
ENSG00000100197	P10635	Endoplasmic reticulum
ENSG00000100243	P00387	Cytosol;Endoplasmic reticulum
ENSG00000100253	Q9UGB7	Cytosol
ENSG00000100288	Q9Y259	
ENSG00000100292	P09601	Cytosol;Endoplasmic reticulum
ENSG00000100294	Q8IVS2	
ENSG00000100299	P15289	Lysosome;Endoplasmic reticulum
ENSG00000100344	Q9NST1	
ENSG00000100348	Q99757	
ENSG00000100354	Q9UPQ9	Cytosol
ENSG00000100372	O43808	Peroxisome;Cytosol
ENSG00000100393	Q09472	Cytosol;Nucleus
ENSG00000100412	Q99798	
ENSG00000100413	Q9Y535	Nucleus
ENSG00000100416	O75648	
ENSG00000100417	Q92871	Cytosol
ENSG00000100422	Q8TCT0	Cytosol
ENSG00000100442	Q00688	Nucleus
ENSG00000100448	P08311	Cytosol;Lysosome;Nucleus
ENSG00000100462	O14744	Cytosol;Golgi apparatus;Nucleus
ENSG00000100479	P56282	Nucleus
ENSG00000100483	Q9H867	Cytosol
ENSG00000100504	P06737	Cytosol
ENSG00000100522	Q96EK6	Golgi apparatus
ENSG00000100554	Q9Y5K8	Cytosol
ENSG00000100564	Q14442	Cytosol
ENSG00000100577	O43708	Cytosol
ENSG00000100596	O15270	Endoplasmic reticulum
ENSG00000100600	Q99538	Lysosome
ENSG00000100605	Q13572	
ENSG00000100626	Q8N428	Golgi apparatus
ENSG00000100644	Q16665	Cytosol;Nucleus
ENSG00000100652	Q14973	
ENSG00000100678	P57103	Cytosol;Endoplasmic reticulum
ENSG00000100714	P11586	Cytosol
ENSG00000100814	Q9NPC3	Nucleus
ENSG00000100865	Q9BW66	Nucleus
ENSG00000100867	Q13268	Nucleus
ENSG00000100889	Q16822	
ENSG00000100938	Q9P2T1	
ENSG00000100979	P55058	Nucleus
ENSG00000100983	P48637	
ENSG00000100994	P11216	
ENSG00000100997	Q8N2K0	Endoplasmic reticulum
ENSG00000101146	P78406	Cytosol;Nucleus
ENSG00000101160	Q9UBR2	Lysosome
ENSG00000101187	Q96BD0	
ENSG00000101210	Q05639	Nucleus
ENSG00000101247	Q5TEU4	
ENSG00000101255	Q96RU7	Nucleus
ENSG00000101276	Q9NQ40	Cytosol;Nucleus
ENSG00000101290	O95674	Endoplasmic reticulum
ENSG00000101306	Q9H1R3	Cytosol
ENSG00000101323	Q9UJM8	Peroxisome
ENSG00000101333	Q15147	
ENSG00000101365	O43837	
ENSG00000101438	Q9H598	
ENSG00000101444	P23526	Cytosol
ENSG00000101464	Q9H490	Endoplasmic reticulum
ENSG00000101473	O14734	Peroxisome;Cytosol
ENSG00000101557	P54578	Cytosol
ENSG00000101558	Q9P0L0	Cytosol;Endoplasmic reticulum;Nucleus
ENSG00000101574	Q8N3J2	Cytosol;Nucleus
ENSG00000101577	Q92539	Cytosol;Endoplasmic reticulum;Nucleus
ENSG00000101638	O15466	Golgi apparatus
ENSG00000101654	O43148	Nucleus
ENSG00000101670	Q9Y5X9	
ENSG00000101695	Q96EQ8	Golgi apparatus
ENSG00000101751	Q9UNA4	Nucleus
ENSG00000101752	Q86YT6	Cytosol
ENSG00000101846	P08842	Cytosol;Endoplasmic reticulum
ENSG00000101849	O60907	Nucleus
ENSG00000101868	P09884	Cytosol;Nucleus
ENSG00000101871	O15344	Cytosol
ENSG00000101890	P51841	
ENSG00000101892	Q9UN42	Nucleus
ENSG00000101901	Q9NP73	Cytosol;Endoplasmic reticulum
ENSG00000101911	P11908	
ENSG00000101945	O43463	Nucleus
ENSG00000101974	Q8NB49	Endoplasmic reticulum
ENSG00000101986	P33897	Peroxisome;Lysosome;Endoplasmic reticulum
ENSG00000102030	P41227	Cytosol;Nucleus
ENSG00000102032	P51606	
ENSG00000102043	Q96EF0	Nucleus
ENSG00000102078	O95258	
ENSG00000102100	P78381	Golgi apparatus
ENSG00000102125	Q16635	Cytosol
ENSG00000102144	P00558	Cytosol
ENSG00000102172	P52788	
ENSG00000102226	P51784	Cytosol;Nucleus
ENSG00000102230	Q9Y5K3	Cytosol;Endoplasmic reticulum
ENSG00000102309	Q9Y237	Cytosol;Nucleus
ENSG00000102312	Q9H237	Endoplasmic reticulum
ENSG00000102383	Q96MV8	Golgi apparatus
ENSG00000102393	P06280	Lysosome
ENSG00000102575	P13686	Lysosome
ENSG00000102595	Q9NYU1	Endoplasmic reticulum
ENSG00000102699	Q9UKK3	Cytosol;Nucleus
ENSG00000102743	Q9Y619	
ENSG00000102780	Q86XP1	Cytosol
ENSG00000102858	O60291	Cytosol;Nucleus
ENSG00000102893	Q93100	Cytosol
ENSG00000102900	Q8N1F7	Nucleus
ENSG00000102967	Q02127	
ENSG00000102978	P19387	Nucleus
ENSG00000103024	Q13232	
ENSG00000103037	Q8TBK2	Nucleus
ENSG00000103044	O00219	Cytosol;Endoplasmic reticulum;Golgi apparatus
ENSG00000103056	Q9NY59	Golgi apparatus
ENSG00000103064	Q92536	
ENSG00000103066	Q8NCC3	Lysosome
ENSG00000103150	O95822	Peroxisome;Cytosol
ENSG00000103174	Q9UK23	Golgi apparatus
ENSG00000103194	Q14694	Cytosol;Nucleus
ENSG00000103202	O00746	
ENSG00000103222	P33527	
ENSG00000103253	Q6PII5	
ENSG00000103257	Q01650	Lysosome
ENSG00000103266	Q9UNE7	Cytosol;Nucleus
ENSG00000103275	P63279	Cytosol;Nucleus
ENSG00000103375	O94778	
ENSG00000103404	Q70CQ4	
ENSG00000103415	P30519	Cytosol;Endoplasmic reticulum
ENSG00000103485	Q15274	
ENSG00000103489	Q86Y38	Golgi apparatus
ENSG00000103502	O14735	Endoplasmic reticulum
ENSG00000103507	O14874	
ENSG00000103510	Q9H7Z6	Nucleus
ENSG00000103546	P23975	
ENSG00000103549	O75150	Nucleus
ENSG00000103569	O43315	
ENSG00000103657	Q15751	Cytosol;Golgi apparatus
ENSG00000103707	Q96DP5	
ENSG00000103740	Q96GR2	Cytosol;Endoplasmic reticulum
ENSG00000103811	P09668	Lysosome
ENSG00000103876	P16930	
ENSG00000104044	Q04671	
ENSG00000104055	O43548	Cytosol
ENSG00000104219	Q9UIJ5	Endoplasmic reticulum;Golgi apparatus
ENSG00000104267	P00918	Cytosol
ENSG00000104325	Q16698	
ENSG00000104331	Q9NX62	Golgi apparatus
ENSG00000104343	Q96B02	Nucleus
ENSG00000104517	O95071	Nucleus
ENSG00000104522	Q13630	
ENSG00000104524	Q53H96	Cytosol
ENSG00000104549	Q14534	Endoplasmic reticulum
ENSG00000104635	Q15043	Lysosome
ENSG00000104687	P00390	Cytosol
ENSG00000104723	Q13454	Endoplasmic reticulum
ENSG00000104763	Q13510	Cytosol;Lysosome;Nucleus
ENSG00000104774	O00754	Lysosome
ENSG00000104808	Q9UQ10	
ENSG00000104812	P13807	
ENSG00000104823	Q13011	Peroxisome
ENSG00000104879	P06732	Cytosol
ENSG00000104885	Q8TEK3	Nucleus
ENSG00000104888	Q9P2U7	
ENSG00000104907	Q9NXH9	
ENSG00000104951	Q96RQ9	Cytosol;Lysosome
ENSG00000105143	P48664	
ENSG00000105198	Q9UHV8	Cytosol;Nucleus
ENSG00000105202	P22087	Nucleus
ENSG00000105205	Q05315	Cytosol
ENSG00000105220	P06744	Cytosol
ENSG00000105223	Q8IV08	Lysosome;Endoplasmic reticulum;Golgi apparatus
ENSG00000105254	Q99426	Cytosol
ENSG00000105258	P36954	Nucleus
ENSG00000105281	Q15758	
ENSG00000105355	O60664	Cytosol
ENSG00000105379	P38117	
ENSG00000105398	Q06520	Cytosol
ENSG00000105409	P13637	
ENSG00000105499	Q9UP65	Endoplasmic reticulum
ENSG00000105509	Q92839	
ENSG00000105516	Q10586	Nucleus
ENSG00000105520	Q96GM1	
ENSG00000105552	O15382	
ENSG00000105607	Q92947	
ENSG00000105641	Q92911	Cytosol
ENSG00000105647	O00459	
ENSG00000105650	Q08493	
ENSG00000105655	Q9NPH2	Cytosol
ENSG00000105669	O14579	Cytosol;Golgi apparatus
ENSG00000105675	P20648	
ENSG00000105679	O14556	Cytosol
ENSG00000105701	Q14318	Cytosol
ENSG00000105835	P43490	Cytosol;Nucleus
ENSG00000105851	P48736	Cytosol
ENSG00000105852	Q15166	
ENSG00000105854	Q15165	
ENSG00000105879	Q75N03	Cytosol;Nucleus
ENSG00000105929	Q9HBG4	
ENSG00000105939	Q7Z2W4	Cytosol;Nucleus
ENSG00000105953	Q02218	Nucleus
ENSG00000106049	P31937	
ENSG00000106080	Q9NWM8	Endoplasmic reticulum
ENSG00000106105	P41250	Cytosol;Golgi apparatus
ENSG00000106258	P20815	Endoplasmic reticulum
ENSG00000106302	Q2M3T9	
ENSG00000106304	P38567	
ENSG00000106346	Q9H9J4	
ENSG00000106348	P20839	Cytosol;Nucleus
ENSG00000106384	Q86VF5	Cytosol;Endoplasmic reticulum
ENSG00000106392	Q9NS00	
ENSG00000106397	O60568	Endoplasmic reticulum
ENSG00000106459	Q16656	Nucleus
ENSG00000106462	Q15910	Nucleus
ENSG00000106605	P53004	Cytosol
ENSG00000106628	P49005	Nucleus
ENSG00000106633	P35557	Cytosol;Nucleus
ENSG00000106636	O15498	Cytosol;Golgi apparatus
ENSG00000106648	Q7Z4T8	
ENSG00000106688	P43005	
ENSG00000106733	Q9NWW6	
ENSG00000106853	Q14914	Cytosol
ENSG00000106976	Q05193	Cytosol
ENSG00000106992	P00568	Cytosol
ENSG00000107159	Q16790	Nucleus
ENSG00000107165	P17643	
ENSG00000107242	O14986	Cytosol
ENSG00000107317	P41222	Cytosol;Endoplasmic reticulum;Golgi apparatus;Nucleus
ENSG00000107341	Q712K3	
ENSG00000107537	O14832	Peroxisome
ENSG00000107611	O60494	Lysosome
ENSG00000107614	O14717	Cytosol
ENSG00000107669	O95260	
ENSG00000107789	Q9UNW1	Endoplasmic reticulum
ENSG00000107798	P38571	Lysosome
ENSG00000107819	Q9BWM7	
ENSG00000107854	Q9H2K2	Cytosol;Golgi apparatus;Nucleus
ENSG00000107902	Q9H008	Cytosol;Nucleus
ENSG00000107951	Q9NVV4	Cytosol
ENSG00000107954	O76050	
ENSG00000108106	Q16763	
ENSG00000108179	P30405	
ENSG00000108242	P33260	Endoplasmic reticulum
ENSG00000108381	P45381	Cytosol;Nucleus
ENSG00000108439	Q9NVS9	
ENSG00000108468	P83916	Nucleus
ENSG00000108474	Q9Y2B2	Endoplasmic reticulum
ENSG00000108479	P51570	
ENSG00000108515	P13929	Cytosol
ENSG00000108523	Q9H6Y7	Cytosol;Lysosome
ENSG00000108528	Q02978	
ENSG00000108559	Q99567	Nucleus
ENSG00000108576	P31645	
ENSG00000108592	Q8IY81	Nucleus
ENSG00000108602	P30838	Cytosol
ENSG00000108773	Q92830	Cytosol;Nucleus
ENSG00000108784	P54802	Lysosome
ENSG00000108786	P14061	Cytosol
ENSG00000108799	Q92800	Nucleus
ENSG00000108813	Q92988	Nucleus
ENSG00000108839	P18054	Cytosol
ENSG00000108846	O15438	
ENSG00000108854	Q9HAU4	Cytosol;Nucleus
ENSG00000108932	O15403	
ENSG00000109065	Q9BTE0	
ENSG00000109107	P09972	
ENSG00000109181	P36537	
ENSG00000109189	P62068	
ENSG00000109193	P49888	Cytosol
ENSG00000109323	O00462	Lysosome
ENSG00000109332	P61077	
ENSG00000109390	O43677	
ENSG00000109424	P25874	
ENSG00000109452	O15327	
ENSG00000109576	Q8N5Z0	
ENSG00000109586	Q86SF2	Golgi apparatus
ENSG00000109610	P08294	Golgi apparatus
ENSG00000109667	Q9NRM0	
ENSG00000109685	O96028	Cytosol;Nucleus
ENSG00000109743	Q10588	
ENSG00000109814	O60701	
ENSG00000109854	Q9BUP3	Cytosol;Nucleus
ENSG00000109861	P53634	Lysosome
ENSG00000109929	O75845	Endoplasmic reticulum
ENSG00000109956	Q9P2W7	Endoplasmic reticulum;Golgi apparatus
ENSG00000110013	Q9HAT2	Lysosome
ENSG00000110066	Q4FZB7	Nucleus
ENSG00000110080	Q11206	Golgi apparatus
ENSG00000110090	P50416	
ENSG00000110195	P15328	Cytosol
ENSG00000110203	P41439	
ENSG00000110243	Q6Q788	Lysosome;Golgi apparatus
ENSG00000110245	P02656	
ENSG00000110328	Q6P9A2	Golgi apparatus
ENSG00000110344	Q14139	Cytosol
ENSG00000110395	P22681	Cytosol;Golgi apparatus
ENSG00000110435	O00330	
ENSG00000110436	P43004	
ENSG00000110446	Q8IY34	Lysosome
ENSG00000110536	Q8WUK0	
ENSG00000110583	Q86UY6	Cytosol;Nucleus
ENSG00000110619	P49589	Cytosol
ENSG00000110628	Q96BI1	
ENSG00000110713	P52948	Nucleus
ENSG00000110717	O00217	
ENSG00000110719	Q13488	
ENSG00000110721	P35790	Cytosol
ENSG00000110871	Q5HYK3	
ENSG00000110887	P14920	Peroxisome
ENSG00000110911	P49281	
ENSG00000110921	Q03426	Peroxisome;Cytosol
ENSG00000110955	P06576	
ENSG00000110958	Q15185	Cytosol
ENSG00000111012	O15528	
ENSG00000111058	Q9H6R3	
ENSG00000111077	Q63HR2	Cytosol
ENSG00000111144	P09960	Cytosol
ENSG00000111181	P48065	
ENSG00000111218	Q9NR22	Cytosol
ENSG00000111224	Q9NR21	Nucleus
ENSG00000111237	Q9UBQ0	Cytosol
ENSG00000111261	Q9H8J5	
ENSG00000111271	Q6JQN1	
ENSG00000111275	P05091	
ENSG00000111339	Q93070	
ENSG00000111371	Q9H2H9	
ENSG00000111445	P40937	Nucleus
ENSG00000111581	P57740	Cytosol;Nucleus
ENSG00000111640	P04406	Cytosol;Nucleus
ENSG00000111641	P46087	Nucleus
ENSG00000111666	Q8WUD6	Golgi apparatus
ENSG00000111667	P45974	
ENSG00000111669	P60174	Cytosol
ENSG00000111670	Q3T906	Golgi apparatus
ENSG00000111674	P09104	Cytosol
ENSG00000111684	Q6P1A2	Endoplasmic reticulum
ENSG00000111696	Q86UY8	
ENSG00000111700	Q9NPD5	
ENSG00000111713	P54840	
ENSG00000111716	P07195	Cytosol
ENSG00000111726	Q8NFW8	Nucleus
ENSG00000111728	Q92185	Golgi apparatus
ENSG00000111732	Q9GZX7	Cytosol;Nucleus
ENSG00000111775	P12074	
ENSG00000111817	Q9UL01	Cytosol;Endoplasmic reticulum;Golgi apparatus
ENSG00000111846	Q8N0V5	Golgi apparatus
ENSG00000111880	O60942	Nucleus
ENSG00000111885	P33908	Golgi apparatus
ENSG00000111962	Q9Y2C2	
ENSG00000112053	Q96RN1	
ENSG00000112077	Q02094	
ENSG00000112096	P04179	
ENSG00000112130	O76064	Cytosol;Nucleus
ENSG00000112293	P80108	
ENSG00000112294	P51649	
ENSG00000112299	O95497	
ENSG00000112303	O95498	
ENSG00000112304	Q9NPJ3	Cytosol;Nucleus
ENSG00000112309	Q9NPZ5	Golgi apparatus
ENSG00000112337	O00624	
ENSG00000112367	Q92562	
ENSG00000112394	Q8TF71	
ENSG00000112473	Q92504	Endoplasmic reticulum;Golgi apparatus
ENSG00000112499	O15244	
ENSG00000112541	Q9Y233	Cytosol
ENSG00000112695	P14406	
ENSG00000112699	O60547	
ENSG00000112759	Q99808	
ENSG00000112874	Q9BQG2	Peroxisome;Cytosol
ENSG00000112893	Q16706	Golgi apparatus
ENSG00000112941	Q5XG87	Cytosol;Nucleus
ENSG00000112972	Q01581	Cytosol
ENSG00000112981	P56597	
ENSG00000112992	Q13423	
ENSG00000113073	Q96Q91	
ENSG00000113083	P28300	
ENSG00000113161	P04035	Peroxisome;Endoplasmic reticulum
ENSG00000113163	Q9Y5P4	Cytosol;Endoplasmic reticulum;Golgi apparatus
ENSG00000113231	O95263	
ENSG00000113269	Q86XS8	Cytosol
ENSG00000113273	P15848	Lysosome
ENSG00000113356	O15318	Cytosol;Nucleus
ENSG00000113396	Q9Y2P4	
ENSG00000113407	P26639	Cytosol
ENSG00000113448	Q08499	Cytosol
ENSG00000113456	O60671	Nucleus
ENSG00000113492	Q9BYV1	
ENSG00000113504	Q9Y666	
ENSG00000113532	Q92187	Golgi apparatus
ENSG00000113552	P46926	Cytosol
ENSG00000113569	O75694	Cytosol;Nucleus
ENSG00000113593	Q96BP3	Nucleus
ENSG00000113643	P54136	Cytosol
ENSG00000113657	Q14195	Cytosol
ENSG00000113732	O15342	
ENSG00000113790	Q08426	Peroxisome
ENSG00000113924	Q93099	
ENSG00000114021	Q9NQR4	Cytosol
ENSG00000114054	P05166	
ENSG00000114062	Q05086	Cytosol;Nucleus
ENSG00000114113	P50120	
ENSG00000114115	P09455	Cytosol
ENSG00000114124	Q8WTQ7	
ENSG00000114166	Q92831	Cytosol;Nucleus
ENSG00000114200	P06276	
ENSG00000114268	Q16877	
ENSG00000114316	Q13107	Cytosol;Nucleus
ENSG00000114374	O00507	
ENSG00000114378	Q12794	Lysosome
ENSG00000114423	Q13191	Cytosol
ENSG00000114480	Q04446	
ENSG00000114491	P11172	
ENSG00000114573	P38606	Cytosol;Lysosome
ENSG00000114735	Q9Y5R4	
ENSG00000114770	O15440	Cytosol;Golgi apparatus
ENSG00000114771	P22760	Endoplasmic reticulum
ENSG00000114786		
ENSG00000114805	Q4KWH8	Cytosol
ENSG00000114857	P30414	
ENSG00000114902	Q9Y6A9	Endoplasmic reticulum
ENSG00000114923	P48751	
ENSG00000114956	Q16854	
ENSG00000114982	Q9P2N6	Nucleus
ENSG00000114999	Q8NG68	
ENSG00000115020	Q9Y2I7	Cytosol
ENSG00000115159	P43304	
ENSG00000115252	P54750	
ENSG00000115275	Q13724	Endoplasmic reticulum
ENSG00000115286	O75251	
ENSG00000115339	Q14435	Golgi apparatus
ENSG00000115350	Q9NR33	Nucleus
ENSG00000115361	P28330	
ENSG00000115392	Q9NW38	Cytosol;Nucleus
ENSG00000115419	O94925	Cytosol
ENSG00000115421	Q9BWT3	Nucleus
ENSG00000115425	Q9BY49	Peroxisome
ENSG00000115464	Q70CQ2	
ENSG00000115488	Q9Y3R4	Cytosol
ENSG00000115525	Q9UNP4	Golgi apparatus
ENSG00000115526	O43529	Golgi apparatus
ENSG00000115556	Q9BRC7	Cytosol;Endoplasmic reticulum;Nucleus
ENSG00000115616	Q9UBY0	
ENSG00000115641	Q14192	Cytosol;Nucleus
ENSG00000115652	Q8NBZ7	Golgi apparatus
ENSG00000115657	Q9NP58	Lysosome;Endoplasmic reticulum;Golgi apparatus
ENSG00000115665	Q9GZV3	
ENSG00000115677	Q00341	Cytosol;Nucleus
ENSG00000115705	P07202	
ENSG00000115758	P11926	
ENSG00000115760	Q9NR09	Cytosol;Golgi apparatus
ENSG00000115828	Q16769	
ENSG00000115840	O75746	
ENSG00000115850	P09848	
ENSG00000115866	P14868	Cytosol
ENSG00000115884	P18827	
ENSG00000115896	Q15111	Cytosol
ENSG00000115902	P43007	
ENSG00000115919	Q16719	Cytosol
ENSG00000116005	Q9UHG3	Lysosome
ENSG00000116039	P15313	
ENSG00000116096	P35270	Cytosol
ENSG00000116120	Q9NSD9	Cytosol
ENSG00000116133	Q15392	Endoplasmic reticulum;Golgi apparatus
ENSG00000116157	Q96SL4	
ENSG00000116171	P22307	Peroxisome;Cytosol;Endoplasmic reticulum
ENSG00000116199	O75063	Golgi apparatus
ENSG00000116237	O60725	Endoplasmic reticulum
ENSG00000116337	Q01433	
ENSG00000116353	Q9BV79	Cytosol;Nucleus
ENSG00000116459	P24539	
ENSG00000116514	Q6ZMZ0	Cytosol;Endoplasmic reticulum
ENSG00000116539	Q9NR48	Nucleus
ENSG00000116649	P19623	
ENSG00000116704	Q9NTN3	
ENSG00000116711	P47712	Cytosol;Golgi apparatus;Nucleus
ENSG00000116745	Q16518	Cytosol
ENSG00000116748	P23109	
ENSG00000116761	P32929	Cytosol
ENSG00000116771	Q9BSE5	
ENSG00000116783	Q59H18	Cytosol;Nucleus
ENSG00000116791	Q08257	Cytosol
ENSG00000116882	Q9NYQ3	Peroxisome
ENSG00000116906	O15228	Peroxisome
ENSG00000116981	Q9BXI3	Cytosol
ENSG00000116984	Q99707	Cytosol
ENSG00000117009	O15229	
ENSG00000117054	P11310	
ENSG00000117069	Q9BVH7	Golgi apparatus
ENSG00000117115	Q9Y2J8	Cytosol
ENSG00000117118	P21912	
ENSG00000117143	Q16222	Cytosol
ENSG00000117215	Q9UNK4	
ENSG00000117305	P35914	Peroxisome
ENSG00000117308	Q14376	
ENSG00000117394	P11166	
ENSG00000117410	Q99437	Cytosol
ENSG00000117411	O60909	Golgi apparatus
ENSG00000117448	P14550	Cytosol
ENSG00000117450	Q06830	Cytosol
ENSG00000117461	Q92569	
ENSG00000117479	O60779	
ENSG00000117480	O00519	Cytosol
ENSG00000117481	Q96CB9	
ENSG00000117528	P28288	Peroxisome
ENSG00000117543	Q9H2P9	
ENSG00000117592	P30041	Cytosol;Lysosome
ENSG00000117594	P28845	Endoplasmic reticulum
ENSG00000117598	Q32ZL2	
ENSG00000117600	Q7Z2D5	
ENSG00000117620	Q9Y2D2	Golgi apparatus
ENSG00000117643	Q9NR34	Golgi apparatus
ENSG00000117682	Q86SQ9	Endoplasmic reticulum
ENSG00000117834	Q2M3M2	
ENSG00000117984	P07339	Lysosome
ENSG00000118017	Q9UNA3	Golgi apparatus
ENSG00000118058	Q03164	Nucleus
ENSG00000118094	O43280	
ENSG00000118137	P02647	
ENSG00000118160	Q9UPR5	
ENSG00000118276	Q9UBX8	Golgi apparatus
ENSG00000118298	Q9ULX7	
ENSG00000118363	Q15005	Endoplasmic reticulum
ENSG00000118369	Q9P2H5	
ENSG00000118402	Q9GZR5	Endoplasmic reticulum
ENSG00000118514	Q9H2A2	Cytosol
ENSG00000118518	Q9NTX7	Cytosol;Nucleus
ENSG00000118520	P05089	Cytosol
ENSG00000118523	P29279	
ENSG00000118596	O60669	Cytosol
ENSG00000118705	P04844	Endoplasmic reticulum
ENSG00000118777	Q9UNQ0	
ENSG00000119013	O43676	
ENSG00000119048	P63146	Nucleus
ENSG00000119125	Q9Y2T3	
ENSG00000119227	Q86VD9	
ENSG00000119392	Q53GS7	Cytosol;Nucleus
ENSG00000119401	Q13049	Cytosol;Nucleus
ENSG00000119421	P51970	
ENSG00000119514	Q8IXK2	Golgi apparatus
ENSG00000119523	Q9H553	
ENSG00000119537	Q06136	Endoplasmic reticulum
ENSG00000119640	P07311	
ENSG00000119673	P49753	
ENSG00000119689	P36957	Nucleus
ENSG00000119711	Q02252	
ENSG00000119723	Q9Y2Z9	Golgi apparatus
ENSG00000119772	Q9Y6K1	Cytosol;Nucleus
ENSG00000119782	P68106	Cytosol
ENSG00000119899	Q9NRA2	Cytosol;Lysosome
ENSG00000119915	Q9HB03	Endoplasmic reticulum
ENSG00000119927	Q9HCL2	
ENSG00000119938	Q9UQK1	
ENSG00000120053	P17174	Cytosol
ENSG00000120137	Q9H999	Cytosol
ENSG00000120158	Q9Y2P8	
ENSG00000120253	Q8NFH3	Nucleus
ENSG00000120254	Q6UB35	
ENSG00000120265	P22061	Cytosol
ENSG00000120329	Q9BXI2	
ENSG00000120437	Q9BWD1	Cytosol
ENSG00000120563	Q6UWQ5	
ENSG00000120697	Q9Y673	
ENSG00000120820	Q9H1C3	
ENSG00000120915	P34913	Peroxisome;Cytosol
ENSG00000120942	Q9Y5Z9	Cytosol;Endoplasmic reticulum;Golgi apparatus;Nucleus
ENSG00000120992	O75608	Cytosol;Endoplasmic reticulum;Nucleus
ENSG00000121039	Q8IZV5	Endoplasmic reticulum
ENSG00000121053	P11678	Cytosol
ENSG00000121207	O95237	Cytosol;Endoplasmic reticulum
ENSG00000121270	Q96J66	Cytosol
ENSG00000121281	P51828	
ENSG00000121310	Q86YB7	
ENSG00000121361	Q15842	
ENSG00000121481	Q99496	Cytosol;Nucleus
ENSG00000121486	Q7Z2T5	
ENSG00000121578	O60513	Golgi apparatus
ENSG00000121579	Q9GZZ1	Cytosol;Nucleus
ENSG00000121691	P04040	Peroxisome
ENSG00000121769	P05413	Cytosol
ENSG00000121851	Q9BT43	Nucleus
ENSG00000121879	P42336	
ENSG00000121897	O43766	
ENSG00000121900	Q969K7	
ENSG00000122008	Q9UBT6	Nucleus
ENSG00000122126	Q01968	Cytosol;Lysosome;Golgi apparatus
ENSG00000122194	P00747	
ENSG00000122218	P53621	Cytosol;Golgi apparatus
ENSG00000122254	Q9Y278	Golgi apparatus
ENSG00000122257	Q7Z6E9	Cytosol;Nucleus
ENSG00000122390	Q9H7X0	Cytosol;Golgi apparatus
ENSG00000122435	Q9NUP7	
ENSG00000122642	O95302	Endoplasmic reticulum
ENSG00000122643	Q9H0P0	Cytosol;Endoplasmic reticulum
ENSG00000122678	Q9NP87	Nucleus
ENSG00000122687	Q9UI43	
ENSG00000122729	P21399	Cytosol
ENSG00000122787	P51857	Cytosol
ENSG00000122824	Q8NFP7	Cytosol
ENSG00000122863	Q7LGC8	Golgi apparatus
ENSG00000122884	P13674	Endoplasmic reticulum
ENSG00000122912	P16260	
ENSG00000122971	P16219	
ENSG00000123124	Q9H0M0	Cytosol;Nucleus
ENSG00000123130	Q9Y305	
ENSG00000123213	Q9BYT8	Cytosol
ENSG00000123360	Q01064	Cytosol
ENSG00000123427	Q96AZ1	Cytosol
ENSG00000123453	Q9UL12	
ENSG00000123454	P09172	Cytosol
ENSG00000123505	P17707	
ENSG00000123552	Q70EL2	Cytosol;Nucleus
ENSG00000123600	Q9H825	Cytosol
ENSG00000123643	Q7Z2H8	Lysosome
ENSG00000123684	Q92604	Endoplasmic reticulum
ENSG00000123689	P27469	
ENSG00000123739	Q9BZM1	Cytosol
ENSG00000123836	O60825	
ENSG00000123983	O95573	Peroxisome;Endoplasmic reticulum
ENSG00000123989	Q8IZ52	Cytosol;Golgi apparatus
ENSG00000124003	Q96PD6	
ENSG00000124006	O75147	Cytosol;Golgi apparatus
ENSG00000124067	Q9UP95	
ENSG00000124091	Q6ZNI0	
ENSG00000124140	Q9H2X9	
ENSG00000124151	Q9Y6Q9	Cytosol;Nucleus
ENSG00000124155	Q969N2	Endoplasmic reticulum
ENSG00000124164	O95292	Endoplasmic reticulum
ENSG00000124172	P56381	
ENSG00000124181	P19174	
ENSG00000124212	Q16647	Endoplasmic reticulum
ENSG00000124253	P35558	Cytosol;Endoplasmic reticulum
ENSG00000124275	Q9UBK8	Cytosol
ENSG00000124299	P12955	
ENSG00000124302	Q9H2A9	Golgi apparatus
ENSG00000124356	O95630	Cytosol;Nucleus
ENSG00000124357	Q9UJ70	
ENSG00000124370	Q96PE7	
ENSG00000124406	Q9Y2Q0	Cytosol;Endoplasmic reticulum;Golgi apparatus
ENSG00000124422	Q9UPT9	Nucleus
ENSG00000124486	Q93008	Cytosol
ENSG00000124491	P00488	Cytosol
ENSG00000124523	Q9NXA8	Cytosol;Nucleus
ENSG00000124564	O00476	Endoplasmic reticulum
ENSG00000124568	Q14916	
ENSG00000124588	P16083	Cytosol
ENSG00000124596	Q9Y530	Nucleus
ENSG00000124615	Q9NZB8	
ENSG00000124713	Q14749	Cytosol
ENSG00000124767	Q04760	
ENSG00000124789	P49790	Nucleus
ENSG00000125166	P00505	
ENSG00000125246	Q8N0X4	
ENSG00000125255	Q12908	
ENSG00000125257	O15439	
ENSG00000125356	O15239	
ENSG00000125430	Q9Y662	Golgi apparatus
ENSG00000125450	Q9BW27	Cytosol;Nucleus
ENSG00000125454	Q9HC21	
ENSG00000125458	Q8TCD5	Cytosol
ENSG00000125484	Q9UKN8	Nucleus
ENSG00000125505	Q96N66	Endoplasmic reticulum
ENSG00000125630	Q9H9Y6	Nucleus
ENSG00000125686	Q15648	Nucleus
ENSG00000125772	Q9NPB8	
ENSG00000125779	Q9BZ23	Cytosol;Nucleus
ENSG00000125780	Q08188	Cytosol
ENSG00000125877	Q9BY32	Cytosol
ENSG00000125954		
ENSG00000126088	P06132	Cytosol
ENSG00000126091	Q11203	Golgi apparatus
ENSG00000126107	Q5T447	Cytosol
ENSG00000126261	Q9UBT2	Cytosol;Nucleus
ENSG00000126264	Q9UBK5	
ENSG00000126267	P14854	
ENSG00000126368	P20393	Cytosol;Nucleus
ENSG00000126432	P30044	Peroxisome;Cytosol
ENSG00000126457	Q99873	Cytosol;Nucleus
ENSG00000126522	P04424	
ENSG00000126749	Q92979	Nucleus
ENSG00000126821	Q9BX95	Endoplasmic reticulum
ENSG00000126883	P35658	Cytosol;Nucleus
ENSG00000127080	Q9H8X2	Cytosol;Nucleus
ENSG00000127125	Q9HAB8	
ENSG00000127184	P15954	
ENSG00000127415	P35475	Lysosome
ENSG00000127445	Q13526	Cytosol;Nucleus
ENSG00000127472	P39877	Cytosol;Golgi apparatus
ENSG00000127481	Q5T4S7	Cytosol;Nucleus
ENSG00000127511	O75182	Nucleus
ENSG00000127540	O14957	
ENSG00000127804	Q86W50	Cytosol;Nucleus
ENSG00000127884	P30084	
ENSG00000127948	P16435	Cytosol;Endoplasmic reticulum
ENSG00000128039	Q9H8P0	Endoplasmic reticulum
ENSG00000128050	P22234	
ENSG00000128059	Q06203	
ENSG00000128242	Q99999	Golgi apparatus
ENSG00000128268	Q09327	Golgi apparatus
ENSG00000128274	Q9NPC4	Golgi apparatus
ENSG00000128294	O60704	Golgi apparatus
ENSG00000128309	P25325	Cytosol
ENSG00000128311	Q16762	
ENSG00000128524	Q16864	Cytosol
ENSG00000128609	Q16718	
ENSG00000128655	Q9HCR9	Cytosol
ENSG00000128683	Q99259	
ENSG00000128708	O14929	Cytosol;Nucleus
ENSG00000128731	O95714	Cytosol;Nucleus
ENSG00000128918	O94788	Cytosol
ENSG00000128928	P26440	
ENSG00000128951	P33316	Nucleus
ENSG00000129083	P53618	Cytosol;Endoplasmic reticulum;Golgi apparatus
ENSG00000129128	P61009	Endoplasmic reticulum
ENSG00000129151	O75936	Cytosol
ENSG00000129167	P17752	
ENSG00000129187	P32321	
ENSG00000129204	P35125	Cytosol
ENSG00000129219	O14939	
ENSG00000129244	P14415	
ENSG00000129353	Q8IWA5	
ENSG00000129467	Q8NFM4	Cytosol
ENSG00000129484	Q9UGN5	Nucleus
ENSG00000129562	P61803	Endoplasmic reticulum
ENSG00000129596	Q16878	
ENSG00000129673	Q16613	Cytosol
ENSG00000129744	P52961	
ENSG00000129873	Q9Y6F7	
ENSG00000129951	Q6T4P5	
ENSG00000130005	Q14353	
ENSG00000130035	Q9NY28	
ENSG00000130052	Q92502	
ENSG00000130055	Q9HCC8	
ENSG00000130066	P21673	Cytosol
ENSG00000130164	P01130	Lysosome;Golgi apparatus
ENSG00000130203	P02649	
ENSG00000130208	P02654	
ENSG00000130227	Q9UIA9	Cytosol;Nucleus
ENSG00000130234	Q9BYF1	Cytosol
ENSG00000130304	Q6PCB7	Cytosol
ENSG00000130305	Q96P11	Nucleus
ENSG00000130309	Q8NBJ5	Endoplasmic reticulum
ENSG00000130313	O95336	
ENSG00000130377	Q5FVE4	Cytosol
ENSG00000130383	Q11128	Golgi apparatus
ENSG00000130414	O95299	
ENSG00000130508	Q92626	Endoplasmic reticulum
ENSG00000130540	Q9BR01	Cytosol
ENSG00000130589	Q9BYK8	Nucleus
ENSG00000130649	P05181	Endoplasmic reticulum
ENSG00000130653	Q6ZV29	Endoplasmic reticulum
ENSG00000130707	P00966	Cytosol
ENSG00000130714	Q9Y6A1	Endoplasmic reticulum
ENSG00000130717	Q9HA47	
ENSG00000130725	P61081	
ENSG00000130816	P26358	Nucleus
ENSG00000130821	P48029	
ENSG00000130822	Q6P2M8	
ENSG00000130829	Q99956	Cytosol
ENSG00000130876	Q9NS82	
ENSG00000130939	O95155	Cytosol;Nucleus
ENSG00000130948	P37058	Endoplasmic reticulum
ENSG00000130957	O00757	Cytosol;Nucleus
ENSG00000130958	Q76EJ3	Golgi apparatus
ENSG00000130985	P22314	Cytosol;Nucleus
ENSG00000130988	Q15493	Cytosol
ENSG00000130997	Q7Z5Q5	Nucleus
ENSG00000131013	Q8WUA2	
ENSG00000131055	Q96KJ9	
ENSG00000131067	Q9UJ14	
ENSG00000131069	Q9NR19	Cytosol
ENSG00000131100	P36543	Cytosol
ENSG00000131143	P13073	
ENSG00000131174	P24311	
ENSG00000131183	Q06495	
ENSG00000131203	P14902	Cytosol
ENSG00000131238	P50897	Lysosome
ENSG00000131373	Q9UJ83	Peroxisome
ENSG00000131386	Q8N3T1	Golgi apparatus
ENSG00000131389	P31641	
ENSG00000131400	O96009	
ENSG00000131446	P26572	Cytosol;Golgi apparatus
ENSG00000131459	O94808	
ENSG00000131471	Q16853	
ENSG00000131473	P53396	Cytosol
ENSG00000131480	O75106	Cytosol
ENSG00000131482	P35575	Endoplasmic reticulum
ENSG00000131495	O43678	
ENSG00000131508	P62837	
ENSG00000131653	Q6Q0C0	Cytosol
ENSG00000131686	P23280	
ENSG00000131730	P17540	
ENSG00000131748	Q14849	Endoplasmic reticulum
ENSG00000131781	P49326	Endoplasmic reticulum
ENSG00000131828	P08559	
ENSG00000131844	Q9HCC0	
ENSG00000131864	Q9HBJ7	
ENSG00000131873	Q86X52	Golgi apparatus
ENSG00000131979	P30793	Cytosol;Nucleus
ENSG00000132164	P48066	
ENSG00000132182	Q8TEM1	Endoplasmic reticulum;Nucleus
ENSG00000132196	P56937	Endoplasmic reticulum
ENSG00000132256	Q9C035	Cytosol;Nucleus
ENSG00000132275	O43159	Nucleus
ENSG00000132330	Q96I15	Cytosol
ENSG00000132376	Q9BT40	Cytosol;Endoplasmic reticulum;Nucleus
ENSG00000132382	Q9BQG0	Cytosol;Nucleus
ENSG00000132388	P62253	
ENSG00000132423	Q9NZJ6	
ENSG00000132437	P20711	
ENSG00000132517	Q9NWF4	
ENSG00000132518	Q02846	Endoplasmic reticulum
ENSG00000132570	Q9H0N5	
ENSG00000132600	Q9NVM4	Cytosol;Nucleus
ENSG00000132664	Q9H1D9	Nucleus
ENSG00000132677	Q9H310	Cytosol
ENSG00000132681	Q13733	
ENSG00000132744	Q96HD9	Cytosol
ENSG00000132746	P48448	
ENSG00000132793	Q9BQK8	Nucleus
ENSG00000132837	Q9UI17	
ENSG00000132840	Q9H2M3	
ENSG00000132874	Q15849	
ENSG00000132915	P16499	Cytosol
ENSG00000132958	Q6XPS3	Cytosol;Endoplasmic reticulum;Golgi apparatus
ENSG00000133027	Q9UBM1	Cytosol;Endoplasmic reticulum
ENSG00000133048	P36222	Cytosol;Endoplasmic reticulum
ENSG00000133056	O00750	Cytosol;Endoplasmic reticulum;Nucleus
ENSG00000133063	Q13231	Lysosome
ENSG00000133065	Q8IVJ1	
ENSG00000133116	Q9UEF7	
ENSG00000133121	Q9Y3M8	Cytosol
ENSG00000133135	Q8TEB7	Cytosol;Endoplasmic reticulum
ENSG00000133247	Q86Y97	Nucleus
ENSG00000133256	P35913	
ENSG00000133275	P78368	Cytosol
ENSG00000133313	Q96KP4	Cytosol
ENSG00000133315	Q9BQ69	Nucleus
ENSG00000133328	Q9NWW9	Cytosol
ENSG00000133433	P0CG30	Cytosol
ENSG00000133460	Q9BYW1	
ENSG00000133475	P36268	Cytosol;Endoplasmic reticulum
ENSG00000133606	Q9UHC7	
ENSG00000133706	Q9P2J5	Cytosol
ENSG00000133731	P29218	Cytosol
ENSG00000133742	P00915	Cytosol
ENSG00000133805	Q01432	
ENSG00000133835	P51659	Peroxisome
ENSG00000134013	Q9Y4K0	Endoplasmic reticulum;Nucleus
ENSG00000134014	Q9H9T3	Cytosol;Nucleus
ENSG00000134184	P09488	Cytosol
ENSG00000134201	P46439	Cytosol
ENSG00000134202	P21266	Cytosol
ENSG00000134216	Q9BZP6	Cytosol
ENSG00000134240	P54868	
ENSG00000134255	Q9Y6K0	Endoplasmic reticulum;Nucleus
ENSG00000134285	Q9NYL4	
ENSG00000134294	Q96QD8	
ENSG00000134317	Q9NZI5	Nucleus
ENSG00000134324	Q14693	Cytosol;Endoplasmic reticulum;Nucleus
ENSG00000134326	Q5EBM0	
ENSG00000134333	P00338	Cytosol
ENSG00000134440	O43776	Cytosol
ENSG00000134538	Q9Y6L6	
ENSG00000134575	P11117	Lysosome
ENSG00000134588	Q9BXU7	Nucleus
ENSG00000134684	P54577	Cytosol;Nucleus
ENSG00000134716	P51589	Endoplasmic reticulum
ENSG00000134744	Q5TAX3	Cytosol;Nucleus
ENSG00000134758	Q8WVD3	
ENSG00000134780	Q9Y4D2	
ENSG00000134812	P27352	
ENSG00000134824	O95864	Endoplasmic reticulum
ENSG00000134852	O15516	Cytosol;Nucleus
ENSG00000134864	Q9BVM4	
ENSG00000134882	Q8NBM4	Endoplasmic reticulum
ENSG00000134910	P46977	Endoplasmic reticulum
ENSG00000135002	Q969G6	Cytosol
ENSG00000135047	P07711	Cytosol;Lysosome;Endoplasmic reticulum;Nucleus
ENSG00000135069	Q9Y617	
ENSG00000135093	Q70CQ3	
ENSG00000135094	P20132	Cytosol
ENSG00000135218	P16671	Golgi apparatus
ENSG00000135220	Q6UWM9	
ENSG00000135226	Q9BY64	Cytosol;Endoplasmic reticulum
ENSG00000135241	Q9NP80	Peroxisome;Endoplasmic reticulum
ENSG00000135318	P21589	
ENSG00000135372	Q9H0A0	Nucleus
ENSG00000135390	Q06055	
ENSG00000135423	Q9UI32	
ENSG00000135437	Q92781	Endoplasmic reticulum
ENSG00000135454	Q00973	Golgi apparatus
ENSG00000135473	Q504Q3	Cytosol;Nucleus
ENSG00000135587	O60906	
ENSG00000135655	Q9Y4E8	Cytosol;Nucleus
ENSG00000135677	P15586	Lysosome
ENSG00000135679	Q00987	Cytosol;Nucleus
ENSG00000135697	Q9HAY6	Cytosol
ENSG00000135702	Q9GZS9	
ENSG00000135740	Q14940	
ENSG00000135744	P01019	
ENSG00000135778	Q9BSD7	
ENSG00000135821	P15104	Cytosol
ENSG00000135838	Q9BXD5	Cytosol
ENSG00000135845	Q92535	Endoplasmic reticulum
ENSG00000135913	Q86T82	
ENSG00000135917	Q9BZV2	
ENSG00000135929	Q02318	
ENSG00000135940	P10606	
ENSG00000136010	Q3SY69	
ENSG00000136014	Q9H0E7	Nucleus
ENSG00000136052	Q96JW4	
ENSG00000136143	Q9P2R7	
ENSG00000136169	Q96T68	Nucleus
ENSG00000136213	Q9NRB3	
ENSG00000136243	O15504	Cytosol;Nucleus
ENSG00000136247	Q9NPG8	Endoplasmic reticulum;Golgi apparatus
ENSG00000136250	P28039	Cytosol
ENSG00000136267	Q9Y6T7	Cytosol
ENSG00000136371	P49914	Cytosol
ENSG00000136381	P48200	Cytosol
ENSG00000136448	P30419	Cytosol
ENSG00000136504	O95251	Cytosol;Nucleus
ENSG00000136521	O43674	
ENSG00000136536	Q9H992	
ENSG00000136542	Q7Z7M9	Golgi apparatus
ENSG00000136628	P07814	Cytosol
ENSG00000136699	Q9NXE4	Endoplasmic reticulum;Golgi apparatus;Nucleus
ENSG00000136715	Q9H0E3	Nucleus
ENSG00000136720	O60243	
ENSG00000136731	Q9NYU2	Endoplasmic reticulum
ENSG00000136750	Q05329	Cytosol;Golgi apparatus
ENSG00000136810	P10599	Cytosol;Nucleus
ENSG00000136840	Q9H4F1	
ENSG00000136856	Q9NY64	Cytosol
ENSG00000136868	O15431	
ENSG00000136872	P05062	Cytosol
ENSG00000136877	Q05932	Cytosol
ENSG00000136878	Q9Y2K6	Cytosol;Endoplasmic reticulum
ENSG00000136881	Q14032	Peroxisome;Cytosol
ENSG00000136888	O75348	
ENSG00000136908	O94777	Endoplasmic reticulum
ENSG00000136943	O60911	Lysosome
ENSG00000136960	Q13822	
ENSG00000137054	Q9GZS1	Nucleus
ENSG00000137106	Q9UBQ7	
ENSG00000137124	P30837	
ENSG00000137168	Q9Y3C6	Nucleus
ENSG00000137198	P36959	
ENSG00000137200	Q8N1G2	Nucleus
ENSG00000137204	Q9Y694	
ENSG00000137261	Q5VV43	
ENSG00000137364	P51580	Cytosol
ENSG00000137392	P04118	
ENSG00000137393	Q7Z419	Cytosol
ENSG00000137491	O94956	
ENSG00000137496	O95998	
ENSG00000137563	Q92820	Lysosome
ENSG00000137574	Q96RS0	Cytosol;Nucleus
ENSG00000137700		
ENSG00000137731	P54710	
ENSG00000137760	Q96BT7	Cytosol;Nucleus
ENSG00000137770	Q05D32	
ENSG00000137817	Q2NL67	
ENSG00000137825	P23677	Cytosol
ENSG00000137841	Q00722	
ENSG00000137857	Q9NRD9	
ENSG00000137860	O43868	
ENSG00000137868	Q9BX79	
ENSG00000137869	P11511	Endoplasmic reticulum
ENSG00000137944	Q6YP21	
ENSG00000137968	Q8NCS7	
ENSG00000137992	P11182	
ENSG00000137996	O00442	Nucleus
ENSG00000138018	Q9C0D9	Endoplasmic reticulum
ENSG00000138029	P55084	Endoplasmic reticulum
ENSG00000138030	P50053	
ENSG00000138031	O60266	Cytosol;Golgi apparatus
ENSG00000138061	Q16678	Endoplasmic reticulum
ENSG00000138074	Q9Y289	
ENSG00000138075	Q9H222	
ENSG00000138079	Q07837	
ENSG00000138109	P11712	Endoplasmic reticulum
ENSG00000138115	P10632	Endoplasmic reticulum
ENSG00000138134	Q96FJ0	
ENSG00000138135	O95992	Endoplasmic reticulum
ENSG00000138185	P49961	
ENSG00000138193	Q9P212	Cytosol;Golgi apparatus
ENSG00000138207	P02753	
ENSG00000138308	Q9BX93	
ENSG00000138356	Q06278	Cytosol
ENSG00000138363	P31939	
ENSG00000138376	Q99728	Cytosol;Nucleus
ENSG00000138382	Q9NRN9	Nucleus
ENSG00000138398	Q13427	Nucleus
ENSG00000138400	Q5I0G3	
ENSG00000138411	Q9P2P5	Cytosol
ENSG00000138413	O75874	Peroxisome;Cytosol
ENSG00000138449	Q9NP59	
ENSG00000138496	Q8IXQ6	Cytosol;Nucleus
ENSG00000138592	P40818	Cytosol;Nucleus
ENSG00000138604	O94923	Golgi apparatus
ENSG00000138617	Q8N5Y8	Endoplasmic reticulum
ENSG00000138621	Q96CD2	
ENSG00000138641	Q15034	
ENSG00000138653	Q9H3R1	
ENSG00000138678	Q53EU6	Endoplasmic reticulum
ENSG00000138735	O76074	
ENSG00000138744	Q02083	Lysosome
ENSG00000138750	Q7Z3B4	Cytosol;Nucleus
ENSG00000138772	P12429	
ENSG00000138777	Q9H2U2	
ENSG00000138796	Q16836	
ENSG00000138801	O43252	
ENSG00000138821	Q9C0K1	Lysosome
ENSG00000138823	P55157	Endoplasmic reticulum;Golgi apparatus
ENSG00000138942	Q96GF1	Endoplasmic reticulum
ENSG00000139044	Q6L9W6	Golgi apparatus
ENSG00000139053	Q13956	
ENSG00000139133	Q5BKT4	Endoplasmic reticulum
ENSG00000139144	O75747	
ENSG00000139151	Q86YW0	Cytosol;Nucleus
ENSG00000139155	Q9NYB5	
ENSG00000139160	Q8IXQ9	Cytosol
ENSG00000139163	Q9HBU6	Cytosol
ENSG00000139180	Q16795	
ENSG00000139209	Q969I6	
ENSG00000139266	Q86YJ5	Lysosome;Golgi apparatus
ENSG00000139278	P48060	
ENSG00000139287	Q8IWU9	
ENSG00000139304		
ENSG00000139344	Q96NU7	
ENSG00000139370	Q8N697	Lysosome
ENSG00000139410	Q96GA7	
ENSG00000139428	Q96EY8	
ENSG00000139433	Q9NZD2	Cytosol
ENSG00000139496	Q9BVL2	Cytosol;Nucleus
ENSG00000139505	Q9Y217	Cytosol;Endoplasmic reticulum
ENSG00000139514	P30825	
ENSG00000139531	P51687	
ENSG00000139540	Q6ZMH5	
ENSG00000139547	O75452	Endoplasmic reticulum
ENSG00000139624	Q8N5B7	Endoplasmic reticulum
ENSG00000139629	Q8NCL4	Golgi apparatus
ENSG00000139631	Q9Y600	
ENSG00000139684	P10768	Cytosol
ENSG00000139718	Q9UPS6	Nucleus
ENSG00000139780	Q5VZV1	Nucleus
ENSG00000139914	A5D6W6	
ENSG00000139977	Q147X3	Cytosol;Nucleus
ENSG00000139988	Q96NR8	Endoplasmic reticulum
ENSG00000140057	Q96M32	Cytosol
ENSG00000140090	Q8NFF2	Cytosol
ENSG00000140105	P23381	Cytosol
ENSG00000140199	Q9UHW9	
ENSG00000140263	Q00796	
ENSG00000140279	Q9NRD8	
ENSG00000140284	O14975	Peroxisome;Endoplasmic reticulum
ENSG00000140287	P19113	
ENSG00000140297	O95395	
ENSG00000140367	Q8WVN8	Cytosol
ENSG00000140374	P13804	
ENSG00000140396	Q15596	Nucleus
ENSG00000140400	Q9NTJ4	Cytosol
ENSG00000140455	Q9Y6I4	Nucleus
ENSG00000140459	P05108	
ENSG00000140465	P04798	Cytosol;Endoplasmic reticulum
ENSG00000140505	P05177	Endoplasmic reticulum
ENSG00000140519	Q9UBD6	
ENSG00000140521	P54098	
ENSG00000140522	P12271	Cytosol
ENSG00000140534	Q7Z2Z1	Nucleus
ENSG00000140598	Q7Z2Z2	
ENSG00000140612	P67812	Endoplasmic reticulum
ENSG00000140650	O15305	Cytosol
ENSG00000140675	P31639	
ENSG00000140740	P22695	
ENSG00000140795	Q32MK0	Cytosol
ENSG00000140835	Q8NCG5	Golgi apparatus
ENSG00000140905	P23434	
ENSG00000140990	O96000	
ENSG00000141012	P34059	Lysosome
ENSG00000141027	O75376	Nucleus
ENSG00000141096	Q9H4B8	
ENSG00000141179	Q9UKL6	Cytosol
ENSG00000141279	P55786	Cytosol;Nucleus
ENSG00000141338	O94911	
ENSG00000141349	Q9BUM1	Endoplasmic reticulum
ENSG00000141378	Q9Y3E5	
ENSG00000141401	O14732	Cytosol
ENSG00000141424	Q13433	
ENSG00000141429	Q10472	Golgi apparatus
ENSG00000141446	Q5FWF5	Nucleus
ENSG00000141458	O15118	Lysosome
ENSG00000141469	Q13336	
ENSG00000141485	Q86YT5	
ENSG00000141504	Q96F10	Cytosol
ENSG00000141506	Q8WYR1	Cytosol;Nucleus
ENSG00000141526	O15427	Cytosol
ENSG00000141552	Q9NYG5	Cytosol;Nucleus
ENSG00000141560	Q9HA64	
ENSG00000141698	Q969T7	Cytosol
ENSG00000141744	P11086	
ENSG00000141756	Q96AY3	Endoplasmic reticulum
ENSG00000141873	Q9BRY0	
ENSG00000141934	O43688	Endoplasmic reticulum
ENSG00000141959	P17858	Cytosol
ENSG00000142046	Q6ZNR0	
ENSG00000142082	Q9NTG7	
ENSG00000142102	Q32M88	
ENSG00000142168	P00441	Cytosol;Nucleus
ENSG00000142182	Q9UJW3	Nucleus
ENSG00000142185	O94759	Cytosol;Lysosome
ENSG00000142230	Q9UBE0	Nucleus
ENSG00000142273	Q9ULV8	
ENSG00000142319	Q01959	
ENSG00000142453	Q86X55	Cytosol;Nucleus
ENSG00000142494	Q96FL8	
ENSG00000142513	Q9BZG2	
ENSG00000142583	P22732	
ENSG00000142619	Q9ULW8	Cytosol
ENSG00000142623	Q9ULC6	Cytosol
ENSG00000142657	P52209	Cytosol
ENSG00000142798	P98160	
ENSG00000142875	P22694	Cytosol;Nucleus
ENSG00000142892	Q92643	Endoplasmic reticulum
ENSG00000142920	Q96A70	Cytosol;Endoplasmic reticulum;Golgi apparatus;Nucleus
ENSG00000142973	P13584	Endoplasmic reticulum
ENSG00000143036	Q8N4M1	
ENSG00000143149	P49189	Cytosol
ENSG00000143153	P05026	
ENSG00000143156	Q9Y5B8	Cytosol
ENSG00000143158	O95563	
ENSG00000143179	Q9BZX2	
ENSG00000143198	O14880	Endoplasmic reticulum
ENSG00000143199	Q96PN6	Cytosol;Nucleus
ENSG00000143207	Q8NHY2	Cytosol;Nucleus
ENSG00000143224	P50336	
ENSG00000143252	Q99643	
ENSG00000143258	Q9UK80	Cytosol;Nucleus
ENSG00000143278	P05160	
ENSG00000143315	Q9H3S5	
ENSG00000143344	Q9NZL6	
ENSG00000143363	Q86TP1	Cytosol;Nucleus
ENSG00000143379	Q15047	Cytosol;Nucleus
ENSG00000143387	P43235	Lysosome
ENSG00000143393	Q9UBF8	Cytosol;Endoplasmic reticulum;Golgi apparatus
ENSG00000143398	Q99755	Cytosol;Nucleus
ENSG00000143418	Q96G23	Endoplasmic reticulum
ENSG00000143499	Q9NRG4	Cytosol;Nucleus
ENSG00000143515	P98198	Endoplasmic reticulum
ENSG00000143552	Q5VU65	
ENSG00000143554	Q5K4L6	
ENSG00000143570	Q9NY26	Endoplasmic reticulum
ENSG00000143595	Q96PS8	
ENSG00000143627	P30613	
ENSG00000143630	Q9P1Z3	
ENSG00000143641	Q10471	Golgi apparatus
ENSG00000143653	Q8NBX0	
ENSG00000143727	P24666	Cytosol
ENSG00000143753	O15121	Endoplasmic reticulum
ENSG00000143772	P27987	Cytosol;Endoplasmic reticulum
ENSG00000143774	Q16774	Cytosol
ENSG00000143797	Q6ZWT7	Endoplasmic reticulum
ENSG00000143799	P09874	Cytosol;Nucleus
ENSG00000143811	Q96C36	Cytosol
ENSG00000143815	Q14739	Cytosol;Endoplasmic reticulum;Nucleus
ENSG00000143819	P07099	Endoplasmic reticulum
ENSG00000143845	Q9NVF9	
ENSG00000143870	Q15084	Endoplasmic reticulum
ENSG00000143882	Q8NEY4	
ENSG00000143891	Q96C23	Cytosol
ENSG00000143921	Q9H221	
ENSG00000143933	P0DP24	Cytosol
ENSG00000144035	Q9UHE5	Endoplasmic reticulum
ENSG00000144048	O75319	Nucleus
ENSG00000144057	Q96JF0	Golgi apparatus
ENSG00000144136	Q8WUM9	
ENSG00000144182	Q9Y234	
ENSG00000144231	O15514	Nucleus
ENSG00000144278	Q8IUC8	Golgi apparatus
ENSG00000144290	Q6U841	
ENSG00000144357	Q6ZT12	
ENSG00000144362	Q8TCD6	
ENSG00000144401	Q8WXB1	Cytosol
ENSG00000144583	Q9P2E8	
ENSG00000144591	Q96IJ6	Cytosol
ENSG00000144659	Q96DW6	
ENSG00000144741	Q70HW3	
ENSG00000144744	Q8TBC4	
ENSG00000144843	P54922	
ENSG00000144908	O75891	Cytosol
ENSG00000145020	P48728	
ENSG00000145194	P0DPD6	Cytosol;Golgi apparatus
ENSG00000145214	P52824	Cytosol;Nucleus
ENSG00000145217	Q9H2B4	
ENSG00000145283	Q3KNW5	
ENSG00000145284	Q86SK9	Endoplasmic reticulum
ENSG00000145293	Q9UHY7	Cytosol;Nucleus
ENSG00000145321	P02774	
ENSG00000145331	Q8TBZ6	Nucleus
ENSG00000145337	Q96I23	
ENSG00000145384	P12104	Cytosol
ENSG00000145388	Q9HCE5	Nucleus
ENSG00000145391	Q8WTS6	Nucleus
ENSG00000145416	Q8TCQ1	Cytosol;Lysosome;Golgi apparatus
ENSG00000145439	Q8N4T8	
ENSG00000145476	Q6ZWL3	Endoplasmic reticulum
ENSG00000145494	O75380	
ENSG00000145495	O60337	Endoplasmic reticulum
ENSG00000145545	P18405	Endoplasmic reticulum
ENSG00000145626	Q6NUS8	
ENSG00000145675	P27986	
ENSG00000145692	Q93088	Cytosol;Nucleus
ENSG00000145725	O43314	Cytosol
ENSG00000145730	P19021	Cytosol
ENSG00000145949	Q86YV6	
ENSG00000146039	Q9Y2C5	
ENSG00000146066	Q9BW72	
ENSG00000146070	Q13093	
ENSG00000146072	O75509	
ENSG00000146085	P22033	Cytosol
ENSG00000146151	Q8TB92	Cytosol;Endoplasmic reticulum
ENSG00000146166	Q5TDP6	
ENSG00000146233	Q9NYL5	Endoplasmic reticulum
ENSG00000146373	Q8TC41	Cytosol
ENSG00000146411	Q8TD20	
ENSG00000146414	Q149N8	
ENSG00000146426	Q8IVF5	
ENSG00000146477	O75751	
ENSG00000146587	Q9NYW8	Nucleus
ENSG00000146648	P00533	Endoplasmic reticulum;Golgi apparatus;Nucleus
ENSG00000146701	P40926	
ENSG00000146733	P78330	Cytosol
ENSG00000146834	Q7L2J0	Nucleus
ENSG00000147003	Q9HBJ8	
ENSG00000147100	P36021	
ENSG00000147119	Q9NS84	Golgi apparatus
ENSG00000147123	Q9NX14	
ENSG00000147155	Q15125	Cytosol;Endoplasmic reticulum;Nucleus
ENSG00000147160	Q6E213	Endoplasmic reticulum
ENSG00000147162	O15294	Cytosol;Nucleus
ENSG00000147224	P60891	
ENSG00000147383	Q15738	Endoplasmic reticulum
ENSG00000147408	Q8TDX6	Golgi apparatus
ENSG00000147416	P21281	Cytosol
ENSG00000147454	Q9NYZ2	
ENSG00000147465	P49675	
ENSG00000147471	O94903	
ENSG00000147485	A1KZ92	Cytosol;Endoplasmic reticulum
ENSG00000147535	Q8NEB5	
ENSG00000147548	Q9BZ95	Nucleus
ENSG00000147576	Q8IWW8	
ENSG00000147606	Q8TE54	
ENSG00000147614	Q8N8Y2	
ENSG00000147647	Q14117	
ENSG00000147669	P53803	Nucleus
ENSG00000147684	Q9Y6M9	
ENSG00000147804	Q6P5W5	
ENSG00000147813	Q6XQN6	Cytosol
ENSG00000147853	Q9UIJ7	
ENSG00000147854	Q96PU4	Nucleus
ENSG00000147872	Q99541	
ENSG00000148090	Q13825	
ENSG00000148154	Q16739	Golgi apparatus
ENSG00000148218	P13716	
ENSG00000148229	Q9NRF9	Nucleus
ENSG00000148288	Q8N5D6	Golgi apparatus
ENSG00000148334	Q9H7Z7	Cytosol;Golgi apparatus
ENSG00000148344	O14684	Cytosol
ENSG00000148356	Q6UWE0	Cytosol
ENSG00000148377	Q9BXS1	Peroxisome
ENSG00000148384	Q9NRR6	Cytosol;Golgi apparatus;Nucleus
ENSG00000148459	Q5T2R2	
ENSG00000148606	O14802	Nucleus
ENSG00000148634	Q5GLZ8	Cytosol
ENSG00000148672	P00367	Endoplasmic reticulum
ENSG00000148677	Q15327	Nucleus
ENSG00000148795	P05093	Endoplasmic reticulum
ENSG00000148832	Q6QHF9	Peroxisome;Cytosol
ENSG00000148834	P78417	Cytosol
ENSG00000148942	Q1EHB4	
ENSG00000149016	Q9H6E5	Nucleus
ENSG00000149084	Q53GQ0	Endoplasmic reticulum
ENSG00000149089	Q96GX9	Cytosol
ENSG00000149091	Q13574	Cytosol;Nucleus
ENSG00000149124	Q6IB77	
ENSG00000149150	O75387	
ENSG00000149313	Q9NRN7	Cytosol
ENSG00000149380	Q7Z4N8	Endoplasmic reticulum
ENSG00000149435	Q9BX51	
ENSG00000149452	Q8TCC7	
ENSG00000149476	Q3LXA3	
ENSG00000149485	O60427	Endoplasmic reticulum
ENSG00000149527	O75038	Cytosol
ENSG00000149541	O94766	Golgi apparatus
ENSG00000149742	Q8IVM8	
ENSG00000149782	Q01970	Cytosol;Nucleus
ENSG00000149809	O76062	Endoplasmic reticulum
ENSG00000149925	P04075	Cytosol
ENSG00000149929	Q9BW71	Nucleus
ENSG00000150456	Q8WVE0	
ENSG00000150540	P50135	Cytosol
ENSG00000150656	Q96KN2	
ENSG00000150712	Q9C0I1	Cytosol
ENSG00000150768	P10515	
ENSG00000150787	Q03393	
ENSG00000150867	P48426	Cytosol;Lysosome;Nucleus
ENSG00000151005	Q9H0I9	
ENSG00000151012	Q9UPY5	
ENSG00000151092	Q96IV0	Cytosol
ENSG00000151093	Q9NWU1	
ENSG00000151116	Q8IX04	
ENSG00000151148	Q7Z3V4	
ENSG00000151151	Q8NFU5	Nucleus
ENSG00000151224	Q00266	
ENSG00000151229	Q96QE2	
ENSG00000151348	Q93063	Endoplasmic reticulum;Golgi apparatus
ENSG00000151360	Q8N6M5	
ENSG00000151366	O95298	
ENSG00000151376	Q16798	
ENSG00000151418	Q96LB4	
ENSG00000151498	Q9UKU7	
ENSG00000151552	P09417	
ENSG00000151576	Q9H974	Cytosol
ENSG00000151611	Q8IVH4	Cytosol
ENSG00000151632	P52895	Cytosol
ENSG00000151665	Q07326	Endoplasmic reticulum
ENSG00000151689	P49441	
ENSG00000151692	P50876	Cytosol
ENSG00000151726	P33121	Peroxisome;Endoplasmic reticulum
ENSG00000151729	P12235	
ENSG00000151790	P48775	
ENSG00000151883	Q8N3A8	
ENSG00000152127	Q09328	Golgi apparatus
ENSG00000152234	P25705	
ENSG00000152254	Q9NQR9	Endoplasmic reticulum
ENSG00000152256	Q15118	
ENSG00000152270	Q13370	
ENSG00000152402	P33402	Cytosol
ENSG00000152455	Q9H5I1	Nucleus
ENSG00000152463	Q9NV23	Cytosol
ENSG00000152465	O60551	Cytosol
ENSG00000152484	O75317	
ENSG00000152556	P08237	Cytosol
ENSG00000152620	Q4G0N4	
ENSG00000152642	Q8N335	Cytosol
ENSG00000152683	Q6NXT4	Golgi apparatus
ENSG00000152779	Q6ZSM3	
ENSG00000152782	Q8TE04	Cytosol;Nucleus
ENSG00000152904	O95749	Cytosol
ENSG00000152952	O00469	Endoplasmic reticulum
ENSG00000153015	Q6UX04	Nucleus
ENSG00000153086	Q8TDX5	
ENSG00000153201	P49792	Cytosol;Nucleus
ENSG00000153207	Q8WYP5	Cytosol;Nucleus
ENSG00000153291	O95847	
ENSG00000153395	Q8NF37	Cytosol;Endoplasmic reticulum;Golgi apparatus
ENSG00000153574	P49247	
ENSG00000153786	Q9NXF8	Golgi apparatus
ENSG00000153827	Q14669	Nucleus
ENSG00000153904	O94760	
ENSG00000153933	P52429	Cytosol
ENSG00000153936	Q7LGA3	Golgi apparatus
ENSG00000153976	Q9Y663	Golgi apparatus
ENSG00000154025	A0PJK1	
ENSG00000154027	Q9Y6K8	Cytosol
ENSG00000154080	Q7L1S5	
ENSG00000154227	Q8IU89	Endoplasmic reticulum
ENSG00000154252	Q9H3Q3	Golgi apparatus
ENSG00000154269	O14638	
ENSG00000154305	Q5JRA6	Endoplasmic reticulum
ENSG00000154330	Q15124	Cytosol
ENSG00000154370	Q96F44	Cytosol;Nucleus
ENSG00000154447	Q7Z6J0	Cytosol;Golgi apparatus
ENSG00000154518	P48201	
ENSG00000154678	Q14123	Lysosome
ENSG00000154723	P18859	
ENSG00000154822	Q9UPR0	Cytosol
ENSG00000154914	Q70EL4	
ENSG00000154930	Q9NUB1	
ENSG00000155016	Q7Z449	Endoplasmic reticulum
ENSG00000155085	Q5TCS8	Cytosol;Nucleus
ENSG00000155097	P21283	Cytosol
ENSG00000155099	Q8N4L2	Cytosol;Lysosome
ENSG00000155189	Q9NUQ2	Endoplasmic reticulum;Nucleus
ENSG00000155252	Q9BTU6	Cytosol;Golgi apparatus
ENSG00000155287	Q96A46	
ENSG00000155313	Q9UHP3	Cytosol;Nucleus
ENSG00000155368	P07108	Endoplasmic reticulum;Golgi apparatus
ENSG00000155380	P53985	
ENSG00000155465	Q9UM01	
ENSG00000155561	Q92621	Cytosol;Nucleus
ENSG00000155660	P13667	Endoplasmic reticulum
ENSG00000155827	Q5VTR2	Nucleus
ENSG00000155850	P50443	
ENSG00000155886	Q9UI40	
ENSG00000155893	Q8TE99	Golgi apparatus
ENSG00000155897	P40145	Cytosol
ENSG00000156006	P11245	Cytosol
ENSG00000156096	P06133	Endoplasmic reticulum
ENSG00000156110	P55263	Cytosol;Nucleus
ENSG00000156136	P27707	Nucleus
ENSG00000156219	Q13508	
ENSG00000156222	O00337	
ENSG00000156239	Q9Y5N5	Nucleus
ENSG00000156256	Q9Y5T5	Nucleus
ENSG00000156269	Q9BSU3	Cytosol;Nucleus
ENSG00000156411	P56378	
ENSG00000156413	P51993	Golgi apparatus
ENSG00000156463	Q8TEC5	Nucleus
ENSG00000156467	P14927	
ENSG00000156471	P48651	Endoplasmic reticulum
ENSG00000156508	P68104	Cytosol;Nucleus
ENSG00000156510	Q2TB90	Cytosol
ENSG00000156515	P19367	Cytosol
ENSG00000156587	O14933	
ENSG00000156599	Q9C0B5	
ENSG00000156650	Q8WYB5	Nucleus
ENSG00000156689	Q8WU03	Endoplasmic reticulum
ENSG00000156795	Q96HA8	Cytosol;Nucleus
ENSG00000156873	P15735	
ENSG00000156885	Q02221	
ENSG00000156958	Q01415	
ENSG00000156966	Q8NFL0	Golgi apparatus
ENSG00000156973	O43924	Cytosol
ENSG00000156983	P55201	Cytosol;Nucleus
ENSG00000157020	P55735	Cytosol;Lysosome;Endoplasmic reticulum;Nucleus
ENSG00000157045	Q96AB6	Cytosol
ENSG00000157064	Q9BZQ4	Cytosol;Golgi apparatus
ENSG00000157087	Q01814	
ENSG00000157103	P30531	
ENSG00000157184	P23786	
ENSG00000157326	Q9BTZ2	Peroxisome;Nucleus
ENSG00000157349	Q9UMR2	Cytosol;Nucleus
ENSG00000157350	Q16842	Golgi apparatus
ENSG00000157353	Q8N0W3	
ENSG00000157399	P51690	Golgi apparatus
ENSG00000157426	Q4L235	
ENSG00000157593	Q8TB61	Golgi apparatus
ENSG00000157680	O75912	Cytosol;Nucleus
ENSG00000157765	O95436	
ENSG00000157881	Q9NVE7	Cytosol
ENSG00000158006	Q99487	Cytosol;Endoplasmic reticulum
ENSG00000158008	Q92935	Endoplasmic reticulum
ENSG00000158019	Q9NXR7	Cytosol;Nucleus
ENSG00000158022	Q969Q1	Cytosol;Nucleus
ENSG00000158079	A2A3K4	
ENSG00000158089	Q96FL9	Golgi apparatus
ENSG00000158104	P32754	Cytosol;Endoplasmic reticulum;Golgi apparatus
ENSG00000158125	P47989	Peroxisome;Cytosol
ENSG00000158296	Q8WWT9	
ENSG00000158467	Q96HN2	Cytosol
ENSG00000158470	O43286	Golgi apparatus
ENSG00000158516	P48052	
ENSG00000158525	Q8WXQ8	
ENSG00000158571	P16118	
ENSG00000158578	P22557	
ENSG00000158623	Q9UBF2	Cytosol;Golgi apparatus
ENSG00000158669	Q86UL3	Endoplasmic reticulum
ENSG00000158786	Q9BZM2	
ENSG00000158825	P32320	
ENSG00000158850	O60512	Golgi apparatus
ENSG00000158864	O75306	
ENSG00000158865	Q8WWX8	
ENSG00000158874	P02652	
ENSG00000159063	Q9BVK2	Endoplasmic reticulum
ENSG00000159082	O43426	Cytosol
ENSG00000159131	P22102	
ENSG00000159199	P05496	
ENSG00000159202	Q9H832	Cytosol;Nucleus
ENSG00000159228	P16152	Cytosol
ENSG00000159231	O75828	Cytosol
ENSG00000159267	P50747	Cytosol
ENSG00000159322	Q9BRR6	
ENSG00000159337	Q86XP0	Cytosol;Endoplasmic reticulum
ENSG00000159339	Q9UM07	Cytosol;Nucleus
ENSG00000159348	Q9UHQ9	
ENSG00000159398	Q6NT32	
ENSG00000159399	P52789	Cytosol
ENSG00000159423	P30038	
ENSG00000159433	Q9P2P6	Cytosol;Nucleus
ENSG00000159459	Q8IWV7	Cytosol
ENSG00000159461	Q9UKV5	Endoplasmic reticulum
ENSG00000159495	Q96PF1	
ENSG00000159527	Q96LB9	
ENSG00000159593	Q13564	
ENSG00000159640	P12821	Cytosol
ENSG00000159650	Q96N76	
ENSG00000159692	Q13363	Cytosol;Nucleus
ENSG00000159714	Q8WTX9	Endoplasmic reticulum;Golgi apparatus
ENSG00000159720	P61421	Cytosol;Lysosome
ENSG00000159899	P20594	
ENSG00000159921	Q9Y223	Cytosol
ENSG00000160014	P0DP25	Cytosol
ENSG00000160087	Q8N2K1	Endoplasmic reticulum
ENSG00000160179	P45844	Endoplasmic reticulum;Golgi apparatus
ENSG00000160190	P57057	
ENSG00000160191	O76083	Cytosol;Endoplasmic reticulum;Golgi apparatus
ENSG00000160194	P56181	
ENSG00000160200	P35520	Cytosol;Nucleus
ENSG00000160209	O00764	Cytosol
ENSG00000160211	P11413	Cytosol
ENSG00000160216	Q9NRZ7	Endoplasmic reticulum;Nucleus
ENSG00000160226	O43822	Cytosol
ENSG00000160282	O95954	Cytosol;Golgi apparatus
ENSG00000160285	P48449	Endoplasmic reticulum
ENSG00000160310	P55345	Cytosol;Nucleus
ENSG00000160326	Q9UGQ3	Lysosome
ENSG00000160408	Q969X2	Golgi apparatus
ENSG00000160439	Q8NBN7	
ENSG00000160446	Q96GR4	
ENSG00000160471	Q6YFQ2	
ENSG00000160539	Q8NBV4	
ENSG00000160688	Q8NFF5	Cytosol
ENSG00000160714	Q7Z7E8	Cytosol;Nucleus
ENSG00000160752	P14324	Cytosol
ENSG00000160868	P08684	Endoplasmic reticulum
ENSG00000160870	P24462	Endoplasmic reticulum
ENSG00000160882	P15538	
ENSG00000160883	P52790	
ENSG00000161013	Q9UQ53	Golgi apparatus
ENSG00000161031	Q96PD5	
ENSG00000161133		
ENSG00000161217	P49585	Cytosol;Endoplasmic reticulum;Nucleus
ENSG00000161267	Q02338	
ENSG00000161281	P24310	
ENSG00000161513	P22570	
ENSG00000161533	Q15067	Peroxisome
ENSG00000161653	Q8N159	
ENSG00000161714	Q8N3E9	Cytosol
ENSG00000161798	P55064	Cytosol
ENSG00000161860	Q6PIF2	Nucleus
ENSG00000161896	Q96PC2	Cytosol
ENSG00000161905	P16050	Cytosol
ENSG00000161980	Q9Y2Y1	Nucleus
ENSG00000162040	Q96QI5	Golgi apparatus
ENSG00000162066	Q9Y303	
ENSG00000162104	O60503	
ENSG00000162139	Q9UQ49	Cytosol;Lysosome
ENSG00000162174	Q7L266	Cytosol
ENSG00000162298	Q86TM6	Endoplasmic reticulum
ENSG00000162365	Q5TCH4	Endoplasmic reticulum
ENSG00000162368	P30085	Cytosol;Nucleus
ENSG00000162383	O00341	
ENSG00000162390	Q8WXI4	Cytosol
ENSG00000162402	Q9UPU5	
ENSG00000162407	O14495	Endoplasmic reticulum;Golgi apparatus
ENSG00000162408	Q5SY16	Nucleus
ENSG00000162433	P27144	
ENSG00000162482	O95154	Cytosol
ENSG00000162496	O75911	
ENSG00000162551	P05186	
ENSG00000162571	Q6ZVT0	
ENSG00000162607	O94782	Nucleus
ENSG00000162623	Q6IPR3	
ENSG00000162630	O43825	Golgi apparatus
ENSG00000162688	P35573	Cytosol;Nucleus
ENSG00000162694	Q9UBQ6	Endoplasmic reticulum
ENSG00000162695	Q8NEW0	
ENSG00000162813	O95861	
ENSG00000162836	Q9NPH0	
ENSG00000162851	Q9H5Q4	
ENSG00000162882	P46952	Cytosol
ENSG00000162885	Q8NCR0	Endoplasmic reticulum;Golgi apparatus
ENSG00000163002	Q8NFH5	Nucleus
ENSG00000163012	Q8NEG5	
ENSG00000163082	Q8IWX5	Endoplasmic reticulum
ENSG00000163106	O60760	Cytosol
ENSG00000163114	P29803	
ENSG00000163131	P25774	Cytosol;Lysosome
ENSG00000163162	Q8NC42	
ENSG00000163218	Q96LB8	
ENSG00000163281	Q8TDQ7	Cytosol
ENSG00000163283	P05187	
ENSG00000163286	P10696	
ENSG00000163295	P09923	
ENSG00000163344	Q15126	Cytosol
ENSG00000163352	Q9Y5L5	
ENSG00000163389	Q8NBL1	Endoplasmic reticulum
ENSG00000163393	Q8IZD6	
ENSG00000163399	P05023	
ENSG00000163406	Q16348	
ENSG00000163481	Q96BH1	
ENSG00000163521	Q6UWU2	
ENSG00000163527	Q8TCJ2	Endoplasmic reticulum
ENSG00000163541	P53597	
ENSG00000163581	P11168	
ENSG00000163586	P07148	Cytosol
ENSG00000163590	Q5SGD2	
ENSG00000163624	Q92903	Endoplasmic reticulum
ENSG00000163631	P02768	
ENSG00000163655	P49915	Cytosol
ENSG00000163659	Q7Z3E1	Nucleus
ENSG00000163684	O95059	Nucleus
ENSG00000163686	Q9BV23	Lysosome
ENSG00000163719	Q8NCE2	Cytosol;Nucleus
ENSG00000163738	Q9H903	
ENSG00000163743	Q96PM5	Cytosol;Nucleus
ENSG00000163751	P15088	
ENSG00000163754	P46976	
ENSG00000163755	Q969F9	Cytosol
ENSG00000163803	Q6P1J6	
ENSG00000163810	P49221	
ENSG00000163812	Q9NYG2	Golgi apparatus
ENSG00000163817	Q9NP91	
ENSG00000163864	Q96T66	
ENSG00000163882	P52434	Nucleus
ENSG00000163902	P04843	Endoplasmic reticulum
ENSG00000163931	P29401	
ENSG00000163958	Q8WVZ1	Cytosol;Golgi apparatus
ENSG00000163959	Q86UW1	Endoplasmic reticulum
ENSG00000163964	Q8TBF5	
ENSG00000164023	Q8NHU3	Golgi apparatus
ENSG00000164039	Q9BUT1	Cytosol
ENSG00000164053	Q8WXE1	Nucleus
ENSG00000164068	Q5XPI4	Cytosol
ENSG00000164089	Q8TBG4	
ENSG00000164100	O95803	Golgi apparatus
ENSG00000164116	Q02108	Cytosol
ENSG00000164120	P15428	Cytosol
ENSG00000164134	Q9BXJ9	Cytosol;Nucleus
ENSG00000164169	Q6P2P2	Cytosol
ENSG00000164172	O96033;O96007	
ENSG00000164181	A1L3X0	Endoplasmic reticulum
ENSG00000164197	Q86T96	
ENSG00000164211	Q96DR4	
ENSG00000164258	O43181	
ENSG00000164294	Q8TED1	
ENSG00000164303	Q6UWR7	
ENSG00000164329	Q6PIY7	Cytosol;Nucleus
ENSG00000164347	Q969S9	
ENSG00000164363	Q96N87	
ENSG00000164398	Q9UKU0	Peroxisome;Endoplasmic reticulum
ENSG00000164405	O14949	
ENSG00000164414	P78382	Golgi apparatus
ENSG00000164434	O15540	Cytosol
ENSG00000164466	Q9H9B4	
ENSG00000164494	Q86YH6	
ENSG00000164535	Q8NCG7	
ENSG00000164574	Q86SR1	Golgi apparatus
ENSG00000164638	Q7RTT9	
ENSG00000164663	Q70CQ1	Nucleus
ENSG00000164687	Q01469	Cytosol;Nucleus
ENSG00000164707	Q9UKG4	
ENSG00000164708	P15259	
ENSG00000164733	P07858	Lysosome
ENSG00000164742	Q08828	Cytosol
ENSG00000164776	Q16816	
ENSG00000164867	P29474	Cytosol;Golgi apparatus
ENSG00000164879	P07451	Cytosol
ENSG00000164889	P04920	
ENSG00000164904	P49419	Cytosol;Nucleus
ENSG00000164919	P09669	
ENSG00000164933	Q9H2D1	
ENSG00000164951	Q9P0J1	
ENSG00000164978	P50583	
ENSG00000165029	O95477	
ENSG00000165055	Q6P1Q9	Cytosol
ENSG00000165059	P22612	
ENSG00000165060	Q16595	Cytosol
ENSG00000165078	Q8N4T0	
ENSG00000165092	P00352	Cytosol
ENSG00000165102	Q68CP4	Lysosome;Endoplasmic reticulum
ENSG00000165140	P09467	
ENSG00000165195	P37287	Endoplasmic reticulum
ENSG00000165264	O95139	
ENSG00000165269	O14520	Cytosol
ENSG00000165272	Q92482	
ENSG00000165275	Q6PF06	
ENSG00000165282	Q8TEQ8	Endoplasmic reticulum
ENSG00000165338	Q5U5R9	
ENSG00000165349	Q8WY07	
ENSG00000165406	Q5T0T0	Cytosol;Lysosome
ENSG00000165434	Q6PCE3	Cytosol
ENSG00000165449	Q7RTY1	
ENSG00000165457	P14207	
ENSG00000165458	O15357	Cytosol;Nucleus
ENSG00000165475	Q9Y2S2	Cytosol
ENSG00000165526	Q96CM3	Cytosol;Nucleus
ENSG00000165591	Q6GMR7	
ENSG00000165609	Q9UKK9	Nucleus
ENSG00000165629	P36542	
ENSG00000165644	Q86VU5	
ENSG00000165646	Q05940	Cytosol
ENSG00000165671	Q96L73	Nucleus
ENSG00000165672	P30048	Cytosol
ENSG00000165688	Q10713	
ENSG00000165695	Q96MA6	Cytosol
ENSG00000165704	P00492	Cytosol
ENSG00000165782	Q86T03	Cytosol;Lysosome
ENSG00000165792	Q9H7H0	
ENSG00000165794	Q9NP94	
ENSG00000165819	Q86U44	Cytosol;Nucleus
ENSG00000165841	P33261	Endoplasmic reticulum
ENSG00000165970	Q9Y345	
ENSG00000165996	B0YJ81	Endoplasmic reticulum
ENSG00000166016	Q8N961	
ENSG00000166035	P11150	
ENSG00000166123	Q8TD30	
ENSG00000166126	Q9BXJ7	
ENSG00000166135	Q9NWT6	Cytosol;Nucleus
ENSG00000166136	O95169	
ENSG00000166165	P12277	Cytosol
ENSG00000166169	Q9UGP5	Nucleus
ENSG00000166183	Q86U10	
ENSG00000166224	O95470	Cytosol;Endoplasmic reticulum
ENSG00000166228	P61457	Cytosol;Nucleus
ENSG00000166262	Q96M60	
ENSG00000166311	P17405	Lysosome
ENSG00000166340	O14773	Lysosome
ENSG00000166349	P15918	Nucleus
ENSG00000166391	Q3SYC2	Cytosol;Endoplasmic reticulum
ENSG00000166394	Q6BCY4	
ENSG00000166411	P50213	
ENSG00000166428	Q96BZ4	
ENSG00000166479	Q96JJ7	Endoplasmic reticulum
ENSG00000166507	P52849	Golgi apparatus
ENSG00000166548	O00142	
ENSG00000166562	Q9BY50	Endoplasmic reticulum
ENSG00000166741	P40261	Cytosol
ENSG00000166743	Q08AH1	
ENSG00000166747	O43747	Cytosol;Golgi apparatus
ENSG00000166794	P23284	Endoplasmic reticulum
ENSG00000166796	P07864	Cytosol
ENSG00000166800	Q6ZMR3	
ENSG00000166816	Q86WU2	
ENSG00000166819	O60240	Endoplasmic reticulum
ENSG00000166821	O75192	Peroxisome
ENSG00000166825	P15144	
ENSG00000166840	Q969I3	
ENSG00000166908	Q8TBX8	Cytosol;Endoplasmic reticulum
ENSG00000166948	O95932	Cytosol
ENSG00000166986	P56192	Cytosol;Nucleus
ENSG00000167004	P30101	Endoplasmic reticulum
ENSG00000167011	Q8N8M0	
ENSG00000167080	Q8NHY0	Golgi apparatus
ENSG00000167103	Q5T9C9	
ENSG00000167107	Q96CM8	
ENSG00000167114	Q6P1M0	Endoplasmic reticulum
ENSG00000167123	Q5T4B2	Endoplasmic reticulum
ENSG00000167130	Q86YN1	
ENSG00000167165	P19224	Endoplasmic reticulum
ENSG00000167186	Q99807	Nucleus
ENSG00000167261	Q9H4A9	
ENSG00000167280	Q8NFI3	
ENSG00000167283	O75964	
ENSG00000167306	Q9ULV0	Cytosol
ENSG00000167311	Q96L15	
ENSG00000167315	P42765	
ENSG00000167325	P23921	Cytosol
ENSG00000167363	Q9H479	
ENSG00000167371	Q7Z6L0	Cytosol
ENSG00000167397	Q9BQB6	Endoplasmic reticulum
ENSG00000167419	P22079	Cytosol
ENSG00000167434	P22748	
ENSG00000167468	P36969	Cytosol
ENSG00000167508	P53602	Cytosol
ENSG00000167531	P00709	
ENSG00000167548	O14686	Nucleus
ENSG00000167580	P41181	Cytosol;Golgi apparatus
ENSG00000167588	P21695	Cytosol
ENSG00000167600	Q96SQ9	Endoplasmic reticulum
ENSG00000167658	P13639	Cytosol;Nucleus
ENSG00000167676	Q96Q06	Cytosol
ENSG00000167699	Q9HC38	
ENSG00000167701	P24298	Cytosol
ENSG00000167703	Q8N370	
ENSG00000167720	Q9GZT4	
ENSG00000167733	Q7Z5J1	
ENSG00000167741	Q6P531	
ENSG00000167748	P06870	
ENSG00000167751	P20151	
ENSG00000167769	Q8TDN7	Endoplasmic reticulum
ENSG00000167772	Q9BY76	
ENSG00000167780	O75908	Endoplasmic reticulum
ENSG00000167792	P49821	
ENSG00000167815	P32119	Cytosol
ENSG00000167862	Q14197	
ENSG00000167863	O75947	
ENSG00000167889	Q3V5L5	Golgi apparatus
ENSG00000167900	P04183	Cytosol
ENSG00000167910	P22680	Endoplasmic reticulum
ENSG00000167969	P42126	
ENSG00000167972	Q99758	Cytosol;Lysosome;Endoplasmic reticulum
ENSG00000167996	P02794	
ENSG00000168000	Q96G97	Endoplasmic reticulum
ENSG00000168002	P62487	Nucleus
ENSG00000168003	P08195	Lysosome
ENSG00000168032	O75355	
ENSG00000168065	Q9NSA0	
ENSG00000168092	P68402	Cytosol
ENSG00000168137	Q9C0A6	Nucleus
ENSG00000168159	Q5TA31	Cytosol;Nucleus
ENSG00000168237	Q8IVS8	Cytosol
ENSG00000168282	Q10469	Golgi apparatus
ENSG00000168291	P11177	
ENSG00000168306	Q99424	Peroxisome
ENSG00000168350	Q6QHC5	Endoplasmic reticulum
ENSG00000168393	P23919	
ENSG00000168411	Q6PCD5	Cytosol;Nucleus
ENSG00000168487	P13497	Golgi apparatus
ENSG00000168495	P05423	Nucleus
ENSG00000168522	P49354	
ENSG00000168575	Q08357	
ENSG00000168653	O43920	
ENSG00000168671	Q3SY77	
ENSG00000168679	O15374	
ENSG00000168710	O43865	Cytosol;Endoplasmic reticulum
ENSG00000168748	P43166	Cytosol
ENSG00000168765	Q03013	Cytosol
ENSG00000168781	Q6PFW1	Cytosol
ENSG00000168806	O60294	
ENSG00000168827	Q96RP9	
ENSG00000168906	P31153	
ENSG00000168907	Q68DD2	Cytosol
ENSG00000168918	Q92835	Cytosol
ENSG00000168938	P45877	Cytosol
ENSG00000168970		
ENSG00000169020	P56385	
ENSG00000169021	P47985	
ENSG00000169100	P12236	
ENSG00000169105	Q8NCH0	Golgi apparatus
ENSG00000169154	Q8NHS2	
ENSG00000169169	Q8TCG5	Endoplasmic reticulum
ENSG00000169180	Q96QU8	Cytosol;Nucleus
ENSG00000169239	Q9Y2D0	
ENSG00000169255	O75752	Golgi apparatus
ENSG00000169299	Q96G03	Cytosol
ENSG00000169359	O00400	Endoplasmic reticulum
ENSG00000169375	Q96ST3	Nucleus
ENSG00000169418	P16066	
ENSG00000169519	A6NJ78	
ENSG00000169660	Q8WVB3	Cytosol;Nucleus
ENSG00000169692	O15120	Endoplasmic reticulum
ENSG00000169710	P49327	Cytosol
ENSG00000169738	Q7Z4W1	
ENSG00000169764	Q16851	Cytosol
ENSG00000169814	P43251	
ENSG00000169826	Q8N6G5	Golgi apparatus
ENSG00000169902	O60507	Golgi apparatus
ENSG00000169919	P08236	Lysosome
ENSG00000170035	Q969T4	Cytosol;Nucleus
ENSG00000170142	P51965	Nucleus
ENSG00000170185	Q8NB14	
ENSG00000170190	O15375	
ENSG00000170191	Q8TBE9	
ENSG00000170222	Q3LIE5	
ENSG00000170231	P51161	Cytosol;Nucleus
ENSG00000170242	Q96K76	Cytosol
ENSG00000170266	P16278	Cytosol;Lysosome
ENSG00000170271	Q96IV6	Cytosol
ENSG00000170323	P15090	Cytosol;Nucleus
ENSG00000170340	Q9NY97	Golgi apparatus
ENSG00000170364	Q53H47	Nucleus
ENSG00000170385	Q9Y6M5	
ENSG00000170426	Q8NEX9	
ENSG00000170430	P16455	Nucleus
ENSG00000170439	Q6UX53	
ENSG00000170445	P12081	Cytosol
ENSG00000170482	Q9UHI7	
ENSG00000170485	Q99743	Nucleus
ENSG00000170502	Q9BW91	
ENSG00000170516	Q8TF08	
ENSG00000170522	Q9H5J4	Endoplasmic reticulum
ENSG00000170525	Q16875	
ENSG00000170634	P14621	
ENSG00000170734	Q9Y253	Nucleus
ENSG00000170786	Q8N3Y7	Endoplasmic reticulum
ENSG00000170832	Q8NFA0	Golgi apparatus
ENSG00000170835	P19835	
ENSG00000170881	Q8WU17	Endoplasmic reticulum
ENSG00000170890	P04054	
ENSG00000170899	O15217	Cytosol
ENSG00000170906	O95167	
ENSG00000170950	P07205	Cytosol
ENSG00000170961	Q92819	Lysosome;Endoplasmic reticulum;Golgi apparatus
ENSG00000171004	Q96MM7	
ENSG00000171097	Q16773	Cytosol
ENSG00000171100	Q13496	Cytosol
ENSG00000171124	P21217	Golgi apparatus
ENSG00000171155	Q96EU7	
ENSG00000171174	Q9H477	Cytosol;Nucleus
ENSG00000171234	P16662	Endoplasmic reticulum
ENSG00000171298	P10253	Lysosome
ENSG00000171302	Q8WVQ1	Endoplasmic reticulum;Golgi apparatus
ENSG00000171307	Q969W1	Endoplasmic reticulum
ENSG00000171310	Q9NPF2	Golgi apparatus
ENSG00000171314	P18669	
ENSG00000171320	Q56NI9	Nucleus
ENSG00000171408	Q9NP56	
ENSG00000171428	P18440	Cytosol
ENSG00000171453	O15160	Nucleus
ENSG00000171497	Q08752	Cytosol;Nucleus
ENSG00000171503	Q16134	
ENSG00000171560	P02671	
ENSG00000171608	O00329	Cytosol
ENSG00000171720	O15379	Cytosol;Nucleus
ENSG00000171723	Q9NQX3	Cytosol
ENSG00000171759	P00439	
ENSG00000171766	P50440	Cytosol
ENSG00000171793	P17812	Cytosol
ENSG00000171806	O95568	Cytosol;Nucleus
ENSG00000171848	P31350	Cytosol;Nucleus
ENSG00000171861	Q9HC36	
ENSG00000171862	P60484	Cytosol;Nucleus
ENSG00000171885	P55087	
ENSG00000171903	Q9HBI6	Endoplasmic reticulum
ENSG00000171954	Q6NT55	Endoplasmic reticulum
ENSG00000171960	O43447	Cytosol;Nucleus
ENSG00000171989	Q9BYZ2	
ENSG00000172009	P52888	Cytosol
ENSG00000172046	O94966	Endoplasmic reticulum
ENSG00000172053	P47897	Cytosol
ENSG00000172113	O75414	
ENSG00000172197	Q6ZNC8	
ENSG00000172236	Q15661	
ENSG00000172264	A1Z1Q3	Nucleus
ENSG00000172269	Q9H3H5	Endoplasmic reticulum
ENSG00000172288	Q9Y6F8	Nucleus
ENSG00000172292	Q6ZMG9	Endoplasmic reticulum
ENSG00000172296	Q9NUV7	Endoplasmic reticulum
ENSG00000172318	Q9Y5Z6	Golgi apparatus
ENSG00000172331	P07738	
ENSG00000172339	Q96F25	Endoplasmic reticulum;Nucleus
ENSG00000172340	Q96I99	
ENSG00000172345	Q9NSY2	
ENSG00000172352	Q9Y6F8	Nucleus
ENSG00000172456	Q96C11	
ENSG00000172461	Q9Y231	Golgi apparatus
ENSG00000172482	P21549	Peroxisome
ENSG00000172497	Q8WYK0	Cytosol
ENSG00000172508	A5YM72	
ENSG00000172531	P62136	Cytosol;Nucleus
ENSG00000172543	P56202	Endoplasmic reticulum
ENSG00000172572	Q14432	Cytosol
ENSG00000172613	Q99638	Nucleus
ENSG00000172728	Q6P4F1	Lysosome;Endoplasmic reticulum;Golgi apparatus
ENSG00000172782		
ENSG00000172817	O75881	Endoplasmic reticulum
ENSG00000172828	Q6UWW8	Endoplasmic reticulum
ENSG00000172831	O00748	Endoplasmic reticulum
ENSG00000172840	Q9P2J9	
ENSG00000172890	Q6IA69	
ENSG00000172893	Q9UBM7	Endoplasmic reticulum
ENSG00000172940	Q9Y226	
ENSG00000172954	Q6UWP7	Endoplasmic reticulum
ENSG00000172955	P28332	Cytosol
ENSG00000172977	Q92993	Cytosol;Nucleus
ENSG00000172985	Q8TEJ3	
ENSG00000172987	Q8WWQ2	
ENSG00000173020	P25098	Cytosol
ENSG00000173083	Q9Y251	Lysosome;Nucleus
ENSG00000173085	Q96H96	
ENSG00000173175	O95622	
ENSG00000173193	Q460N5	Cytosol;Nucleus
ENSG00000173200	Q460N3	Nucleus
ENSG00000173208	Q9UBJ2	Peroxisome
ENSG00000173221	P35754	Cytosol
ENSG00000173262	Q8TDB8	
ENSG00000173273	O95271	Cytosol;Golgi apparatus;Nucleus
ENSG00000173281	Q86XI6	
ENSG00000173418	P61599	Cytosol;Nucleus
ENSG00000173486	P26885	Endoplasmic reticulum
ENSG00000173540	Q9Y5P6	Cytosol
ENSG00000173597	O43704	Cytosol
ENSG00000173598	Q9NZJ9	Cytosol
ENSG00000173599	P11498	
ENSG00000173610	P0DTE4	Endoplasmic reticulum
ENSG00000173614	Q9HAN9	Nucleus
ENSG00000173627	Q8WW27	
ENSG00000173638	P41440	
ENSG00000173660	P07919	
ENSG00000173786	P09543	
ENSG00000173838	Q8NA82	
ENSG00000173868	Q8TCT1	
ENSG00000173915	Q96IX5	
ENSG00000173926	Q86UD3	Cytosol
ENSG00000174080	Q9UBX1	Lysosome
ENSG00000174156	Q16772	Cytosol
ENSG00000174165	Q6UX98	
ENSG00000174173	Q7L0Y3	
ENSG00000174227	Q5H8A4	Endoplasmic reticulum
ENSG00000174233	O43306	
ENSG00000174327	Q7RTY0	Golgi apparatus
ENSG00000174358	Q695T7	
ENSG00000174437	P16615	Endoplasmic reticulum
ENSG00000174448	P59095	
ENSG00000174473	Q49A17	
ENSG00000174502	Q7LBE3	
ENSG00000174607	Q16880	Endoplasmic reticulum
ENSG00000174640	Q92959	
ENSG00000174669	Q14542	Nucleus
ENSG00000174684	O43505	Golgi apparatus
ENSG00000174876	P0DUB6;P0DTE7	
ENSG00000174886	Q86Y39	
ENSG00000174915	Q9BVG9	Endoplasmic reticulum
ENSG00000174951	P19526	Golgi apparatus
ENSG00000174990	P35218	
ENSG00000175003	O15245	
ENSG00000175040	Q9Y4C5	Golgi apparatus
ENSG00000175048	Q8IZN3	Endoplasmic reticulum;Golgi apparatus
ENSG00000175063	O00762	
ENSG00000175066	Q6ZS86	
ENSG00000175164		
ENSG00000175198	P05165	
ENSG00000175229	Q96A11	Golgi apparatus
ENSG00000175264	O43916	Golgi apparatus
ENSG00000175283	Q9UPQ8	Endoplasmic reticulum
ENSG00000175309	Q8IUZ5	
ENSG00000175445	P06858	
ENSG00000175482	Q9HCU8	Nucleus
ENSG00000175505	Q9UBD9	
ENSG00000175535	P16233	
ENSG00000175536	A6NK58	
ENSG00000175548	Q5I7T1	
ENSG00000175564	P55916	
ENSG00000175567	P55851	
ENSG00000175592	P15407	Nucleus
ENSG00000175711	Q67FW5	
ENSG00000175806	Q9UJ68	Cytosol;Nucleus
ENSG00000175809	Q8N7E2	Cytosol
ENSG00000175893	Q8IVQ6	Golgi apparatus
ENSG00000175931	Q9C0C9	Cytosol;Nucleus
ENSG00000176020	Q86WK7	
ENSG00000176022	Q96L58	Golgi apparatus
ENSG00000176095	Q92551	Cytosol;Nucleus
ENSG00000176153	P18283	Cytosol
ENSG00000176170	Q9NYA1	Cytosol;Nucleus
ENSG00000176194	O60543	Nucleus
ENSG00000176340	P10176	
ENSG00000176383	Q9C0J1	Golgi apparatus
ENSG00000176387	P80365	Endoplasmic reticulum
ENSG00000176393	Q9H4A4	
ENSG00000176454	Q643R3	Endoplasmic reticulum
ENSG00000176463	Q9UIG8	
ENSG00000176485	P53816	Peroxisome;Cytosol;Lysosome;Endoplasmic reticulum;Nucleus
ENSG00000176597	Q9BYG0	Golgi apparatus
ENSG00000176641	Q8N8N0	Lysosome
ENSG00000176715	Q4G176	
ENSG00000176890	P04818	Cytosol;Nucleus
ENSG00000176920	Q10981	Golgi apparatus
ENSG00000176928	Q9P109	
ENSG00000176974	P34896	Cytosol
ENSG00000177000	P42898	
ENSG00000177054	Q8IUH4	Cytosol;Golgi apparatus
ENSG00000177076	Q5QJU3	Golgi apparatus
ENSG00000177084	Q07864	Nucleus
ENSG00000177108	Q8N966	Endoplasmic reticulum;Golgi apparatus
ENSG00000177156	P37837	Cytosol;Nucleus
ENSG00000177191	Q7Z7M8	Golgi apparatus
ENSG00000177192	Q9Y606	Cytosol;Nucleus
ENSG00000177200	Q3L8U1	Cytosol;Nucleus
ENSG00000177239	Q9UKM7	Endoplasmic reticulum
ENSG00000177414	Q5VVX9	
ENSG00000177465	Q8N9L9	Peroxisome
ENSG00000177542	Q9H936	
ENSG00000177565	Q9BZK7	Nucleus
ENSG00000177628	P04062	Lysosome
ENSG00000177646	Q9H845	
ENSG00000177666	Q96AD5	Cytosol
ENSG00000177669	Q96T53	Endoplasmic reticulum
ENSG00000177700	P62875	Nucleus
ENSG00000177889	P61088	Cytosol;Nucleus
ENSG00000178035	P12268	Cytosol;Nucleus
ENSG00000178127	P19404	
ENSG00000178234	Q8NCW6	Golgi apparatus
ENSG00000178445	P23378	
ENSG00000178537	O43772	
ENSG00000178538	P35219	
ENSG00000178685	Q53GL7	Cytosol;Nucleus
ENSG00000178694	Q9H649	
ENSG00000178700	Q86XF0	
ENSG00000178741	P20674	
ENSG00000178773	Q9UBL6	Cytosol;Nucleus
ENSG00000178802	P34949	Cytosol
ENSG00000178814	O14841	
ENSG00000178921	O15067	Cytosol
ENSG00000178922	Q5T013	
ENSG00000178952	P49411	
ENSG00000179085	Q9P2X0	Endoplasmic reticulum
ENSG00000179091	P08574	
ENSG00000179115	Q9Y285	Cytosol
ENSG00000179142	P19099	
ENSG00000179148	Q9BYJ1	Cytosol
ENSG00000179163	P04066	Lysosome
ENSG00000179299	Q8NE18	
ENSG00000179455	Q13064	
ENSG00000179477	O75342	Cytosol
ENSG00000179520	Q8NDX2	Cytosol
ENSG00000179593	O15296	Cytosol;Nucleus
ENSG00000179598	Q8N2A8	Golgi apparatus
ENSG00000179761	Q9P0Z9	Peroxisome
ENSG00000179913	Q9Y2A9	Golgi apparatus
ENSG00000179918	Q99611	
ENSG00000179958	Q9H773	Cytosol;Nucleus
ENSG00000180011	Q8N4Q0	
ENSG00000180176	P07101	Cytosol;Nucleus
ENSG00000180210	P00734	
ENSG00000180233	Q8NHG8	Lysosome
ENSG00000180251	Q6AI14	
ENSG00000180432	Q9UNU6	Endoplasmic reticulum
ENSG00000180537	Q8N6D2	Cytosol
ENSG00000180549	Q11130	Golgi apparatus
ENSG00000180638	Q86VL8	
ENSG00000180767	Q8NET6	Golgi apparatus
ENSG00000180773	Q6YBV0	
ENSG00000180776	Q5W0Z9	Cytosol;Endoplasmic reticulum;Golgi apparatus
ENSG00000180817	Q15181	
ENSG00000180879	P51571	Endoplasmic reticulum
ENSG00000180917	Q8IYT2	Cytosol;Nucleus
ENSG00000180953	Q9HBF5	
ENSG00000181019	P15559	Cytosol
ENSG00000181035	Q86VD7	
ENSG00000181038	Q86XA0	Cytosol;Nucleus
ENSG00000181045	Q86WA9	Lysosome
ENSG00000181090	Q9H9B1	Nucleus
ENSG00000181191	Q8NG27	
ENSG00000181192	Q96HY7	
ENSG00000181222		
ENSG00000181523	P51688	Lysosome
ENSG00000181555	Q9BYW2	Nucleus
ENSG00000181652	Q674R7	Cytosol
ENSG00000181788	O43255	Cytosol;Nucleus
ENSG00000181789	Q9Y678	Cytosol;Golgi apparatus
ENSG00000181804	Q8IVB4	
ENSG00000181830	Q96A29	Golgi apparatus
ENSG00000181852	Q9H4P4	
ENSG00000181856	P14672	Cytosol
ENSG00000181867	Q8N4E7	
ENSG00000181915	Q96SZ5	
ENSG00000182022	Q7LFX5	Golgi apparatus
ENSG00000182050	Q9UBM8	
ENSG00000182054	P48735	
ENSG00000182156	Q6UWV6	
ENSG00000182179	P41226	
ENSG00000182197	Q16394	Endoplasmic reticulum;Golgi apparatus
ENSG00000182199	P34897	Cytosol;Nucleus
ENSG00000182224	Q6P9G0	
ENSG00000182247	Q96LR5	
ENSG00000182272	Q76KP1	
ENSG00000182333	P07098	
ENSG00000182415	Q9Y6F7	
ENSG00000182551	Q9BV57	Cytosol;Nucleus
ENSG00000182591	Q8IUC1	
ENSG00000182601	Q9Y661	
ENSG00000182621	Q9NQ66	Cytosol;Nucleus
ENSG00000182670	P53804	Cytosol;Golgi apparatus;Nucleus
ENSG00000182793	Q7RTV2	
ENSG00000182858	Q9BV10	Endoplasmic reticulum
ENSG00000182870	Q9HCQ5	Golgi apparatus
ENSG00000182890	P49448	
ENSG00000182902	Q9H1K4	
ENSG00000183010	P32322	
ENSG00000183023	P32418	
ENSG00000183032	Q9BQT8	
ENSG00000183044	P80404	
ENSG00000183048	Q9UBX3	
ENSG00000183077	Q63HM1	
ENSG00000183196	Q9GZX3	Golgi apparatus
ENSG00000183305	P43356	Nucleus
ENSG00000183463	A6NGE7	
ENSG00000183479	Q9BQ50	Nucleus
ENSG00000183549	Q6NUN0	
ENSG00000183648	O75438	
ENSG00000183654	A6NNE9	
ENSG00000183665	Q53H54	
ENSG00000183696	Q16831	
ENSG00000183747	Q08AH3	
ENSG00000183760	Q6ZNF0	
ENSG00000183778	Q9Y2C3	Golgi apparatus
ENSG00000183828	O95848	Cytosol
ENSG00000183921	A6NKP2	
ENSG00000183955	Q9NQR1	Nucleus
ENSG00000184005	Q8NDV1	Golgi apparatus
ENSG00000184076	Q9UDW1	
ENSG00000184154	Q96E66	
ENSG00000184182	Q969M7	
ENSG00000184207	A6NDG6	
ENSG00000184210	Q6ZPD8	Endoplasmic reticulum
ENSG00000184227	Q86TX2	Cytosol
ENSG00000184254	P47895	Cytosol
ENSG00000184304	Q15139	Cytosol;Golgi apparatus
ENSG00000184307	Q8IYP9	Golgi apparatus
ENSG00000184343	Q9UPE1	
ENSG00000184381	O60733	Cytosol
ENSG00000184432	P35606	Cytosol;Golgi apparatus
ENSG00000184470	Q9NNW7	
ENSG00000184588	Q07343	Cytosol
ENSG00000184752	Q9UI09	
ENSG00000184787	P60604	Endoplasmic reticulum
ENSG00000184788	Q86VE3	
ENSG00000184860	Q8WUS8	
ENSG00000184979	Q9UMW8	Cytosol;Nucleus
ENSG00000184983	P56556	
ENSG00000184999	Q63ZE4	
ENSG00000185000	O75907	Endoplasmic reticulum
ENSG00000185013	Q96P26	
ENSG00000185015	Q8N1Q1	
ENSG00000185052	Q9HC58	
ENSG00000185100	Q8N142	Cytosol
ENSG00000185133	Q15735	Cytosol
ENSG00000185238	O60678	Cytosol
ENSG00000185250	Q8IXY8	
ENSG00000185274	Q6IS24	
ENSG00000185344	Q9Y487	
ENSG00000185345	O60260	Cytosol;Endoplasmic reticulum;Nucleus
ENSG00000185352	Q8IZP7	
ENSG00000185420	Q9H7B4	Cytosol;Nucleus
ENSG00000185432	Q9H8H3	Endoplasmic reticulum
ENSG00000185527	P18545	
ENSG00000185615	Q13087	Endoplasmic reticulum
ENSG00000185624	P07237	Endoplasmic reticulum
ENSG00000185651	P68036	Cytosol;Nucleus
ENSG00000185803	Q9HAB3	
ENSG00000185808	P57054	
ENSG00000185813	Q99447	
ENSG00000185818	Q8N9F0	Cytosol;Endoplasmic reticulum
ENSG00000185825	P51572	Endoplasmic reticulum
ENSG00000185875	Q8IYQ7	
ENSG00000185883	P27449	Cytosol
ENSG00000185973	Q9NVH6	
ENSG00000185974	Q15835	
ENSG00000186009	P51164	
ENSG00000186010	Q9P0J0	Nucleus
ENSG00000186104	Q6VVX0	Endoplasmic reticulum
ENSG00000186111	O60331	Cytosol;Nucleus
ENSG00000186115	P78329	Endoplasmic reticulum
ENSG00000186141	Q9BUI4	Nucleus
ENSG00000186153	Q9NZC7	Cytosol;Golgi apparatus;Nucleus
ENSG00000186160	Q86W10	Endoplasmic reticulum
ENSG00000186184	P0DPB6;P0DPB5	
ENSG00000186187	Q8ND25	Cytosol;Lysosome
ENSG00000186198	Q86UW2	
ENSG00000186204	Q9HCS2	Endoplasmic reticulum
ENSG00000186281	Q6NUI2	
ENSG00000186298	P36873	Cytosol;Nucleus
ENSG00000186334	Q495N2	
ENSG00000186335	Q495M3	Endoplasmic reticulum
ENSG00000186350	P19793	Cytosol;Nucleus
ENSG00000186377	Q8N118	
ENSG00000186526	P98187	Endoplasmic reticulum
ENSG00000186529	Q08477	Endoplasmic reticulum
ENSG00000186591	P62256	
ENSG00000186642	O00408	Cytosol
ENSG00000186666	Q7Z5W3	Cytosol
ENSG00000186792	O43820	Cytosol;Lysosome;Endoplasmic reticulum
ENSG00000186908	Q8IUH5	Cytosol;Golgi apparatus
ENSG00000186951	Q07869	Nucleus
ENSG00000187021	P54315	
ENSG00000187024	Q86Y79	
ENSG00000187048	Q02928	Endoplasmic reticulum
ENSG00000187091	P51178	
ENSG00000187097	O75356	Endoplasmic reticulum
ENSG00000187134	Q04828	Cytosol
ENSG00000187210	Q02742	Golgi apparatus
ENSG00000187486	Q14654	
ENSG00000187531	Q9NRC8	Cytosol;Nucleus
ENSG00000187555	Q93009	Cytosol;Nucleus
ENSG00000187566	Q6VVB1	Endoplasmic reticulum;Nucleus
ENSG00000187581	Q7Z4L0	
ENSG00000187630	Q6PKH6	
ENSG00000187676	Q6Y288	Endoplasmic reticulum
ENSG00000187714	Q16572	
ENSG00000187733	P04746;P0DUB6;P0DTE8	
ENSG00000187758	P07327	Cytosol
ENSG00000187980	Q5R387	
ENSG00000188050	Q8WVZ7	
ENSG00000188089	Q3MJ16	Cytosol;Lysosome
ENSG00000188167	Q6ZT21	
ENSG00000188257	P14555	
ENSG00000188266	A2RU49	Cytosol
ENSG00000188338	Q99624	
ENSG00000188467	Q71RS6	Golgi apparatus
ENSG00000188573	A6NHQ2	
ENSG00000188611	Q9NR71	Golgi apparatus
ENSG00000188641	Q12882	Cytosol
ENSG00000188676	Q6ZQW0	
ENSG00000188687	Q9BY07	
ENSG00000188690	P10746	
ENSG00000188706	Q9Y397	Endoplasmic reticulum;Golgi apparatus
ENSG00000188784	Q9NZK7	Cytosol
ENSG00000188818	Q9H8X9	Endoplasmic reticulum
ENSG00000188833	Q5MY95	
ENSG00000188921	Q5VWC8	Endoplasmic reticulum
ENSG00000189043	O00483	
ENSG00000189221	P21397	Cytosol
ENSG00000189283	P49789	Cytosol;Nucleus
ENSG00000189366		
ENSG00000196136	P01011	
ENSG00000196139	P42330	Cytosol
ENSG00000196177	P45954	
ENSG00000196188	P14091	Endoplasmic reticulum;Golgi apparatus
ENSG00000196262	P62937	Cytosol;Nucleus
ENSG00000196296	O14983	Endoplasmic reticulum
ENSG00000196305	P41252	Cytosol
ENSG00000196313	Q96HA1	Endoplasmic reticulum;Nucleus
ENSG00000196344	P40394	Cytosol
ENSG00000196368	Q96G61	Cytosol
ENSG00000196371	P22083	Golgi apparatus
ENSG00000196433	P46597	
ENSG00000196470	Q8IUQ4	Cytosol;Nucleus
ENSG00000196475	Q14410	Cytosol
ENSG00000196498	Q9Y618	Nucleus
ENSG00000196502	P50225	Cytosol
ENSG00000196511	Q9H3S4	
ENSG00000196517	P48067	
ENSG00000196547	P49641	
ENSG00000196616	P00325	Cytosol
ENSG00000196620	P54855	Endoplasmic reticulum
ENSG00000196743	P17900	Lysosome
ENSG00000196839	P00813	Cytosol;Lysosome
ENSG00000196950	Q9ULF5	
ENSG00000196968	Q495W5	Golgi apparatus
ENSG00000197093	Q96RP7	Golgi apparatus
ENSG00000197119	Q8N8R3	
ENSG00000197121	Q75T13	Endoplasmic reticulum
ENSG00000197142	Q9ULC5	Endoplasmic reticulum
ENSG00000197165	P50226	Cytosol
ENSG00000197208	Q9H015	
ENSG00000197217	Q9Y227	Cytosol;Lysosome;Golgi apparatus
ENSG00000197241	Q6PXP3	
ENSG00000197249	P01009	Endoplasmic reticulum
ENSG00000197253	P20231	
ENSG00000197296	Q8N6M3	Endoplasmic reticulum
ENSG00000197323	Q9UPN9	Nucleus
ENSG00000197355	Q3KQV9	
ENSG00000197375	O76082	
ENSG00000197406	P55073	
ENSG00000197408	P20813	Endoplasmic reticulum
ENSG00000197416	A6NFH5	
ENSG00000197417	Q9UHJ6	Cytosol
ENSG00000197444	Q9ULD0	
ENSG00000197446	P24903	Endoplasmic reticulum
ENSG00000197448	Q9Y2Q3	Peroxisome
ENSG00000197496	O95528	Cytosol
ENSG00000197506	Q9HAS3	Endoplasmic reticulum
ENSG00000197530	Q96AX9	Cytosol
ENSG00000197563	O95427	Endoplasmic reticulum
ENSG00000197579	Q9NS56	Nucleus
ENSG00000197580	Q9BYV7	
ENSG00000197586	O75354	Golgi apparatus
ENSG00000197594	P22413	Cytosol
ENSG00000197601	Q8WVX9	Peroxisome
ENSG00000197713	Q96AT9	
ENSG00000197746	P07602	Lysosome
ENSG00000197763	Q86VQ6	Cytosol;Endoplasmic reticulum;Nucleus
ENSG00000197818	Q9Y2E8	
ENSG00000197838	Q16696	Endoplasmic reticulum
ENSG00000197858	O43292	Endoplasmic reticulum
ENSG00000197888	O75795	Endoplasmic reticulum
ENSG00000197891	Q96S37	
ENSG00000197894	P11766	Cytosol
ENSG00000197901	Q4U2R8	
ENSG00000197943	P16885	
ENSG00000197959	Q9UQ16	Cytosol
ENSG00000197977	Q9NXB9	Endoplasmic reticulum
ENSG00000198060	Q9NX47	Endoplasmic reticulum
ENSG00000198074	O60218	Lysosome
ENSG00000198075	O75897	Cytosol
ENSG00000198077	P20853	
ENSG00000198088	Q9H1M0	
ENSG00000198099	P08319	Cytosol
ENSG00000198108	Q70JA7	
ENSG00000198130	Q6NVY1	
ENSG00000198162	O60476	Golgi apparatus
ENSG00000198189	Q8NBQ5	Endoplasmic reticulum
ENSG00000198203	O00338	Cytosol;Lysosome
ENSG00000198246	Q9BZD2	Lysosome
ENSG00000198276	Q9NWZ5	Cytosol;Nucleus
ENSG00000198363	Q12797	Endoplasmic reticulum
ENSG00000198373	O00308	Nucleus
ENSG00000198380	Q06210	
ENSG00000198408	O60502	Cytosol;Nucleus
ENSG00000198431	Q16881	Cytosol;Nucleus
ENSG00000198488	Q6ZMB0	Golgi apparatus
ENSG00000198569	Q8N130	
ENSG00000198610	P17516	Cytosol
ENSG00000198646	Q14686	Nucleus
ENSG00000198650	P17735	
ENSG00000198668	P0DP23	Cytosol
ENSG00000198682	O95340	
ENSG00000198691	P78363	Cytosol;Endoplasmic reticulum
ENSG00000198695	P03923	
ENSG00000198704	P59796	
ENSG00000198712	P00403	
ENSG00000198721	O75521	Peroxisome
ENSG00000198727	P00156	
ENSG00000198742	Q9HCE7	Cytosol
ENSG00000198743	P53794	
ENSG00000198753	Q9ULL4	
ENSG00000198754	Q9BYC2	
ENSG00000198756	Q8IYK4	Endoplasmic reticulum
ENSG00000198763	P03891	
ENSG00000198786	P03915	
ENSG00000198804	P00395	
ENSG00000198805	P00491	Cytosol
ENSG00000198814	P32189	Cytosol
ENSG00000198825	Q9Y2H2	
ENSG00000198833	Q9Y385	Endoplasmic reticulum
ENSG00000198840	P03897	
ENSG00000198848	P23141	Cytosol;Endoplasmic reticulum
ENSG00000198881	Q8WXK4	
ENSG00000198886	P03905	
ENSG00000198888	P03886	
ENSG00000198890	Q96LA8	Nucleus
ENSG00000198899	P00846	
ENSG00000198910	P32004	
ENSG00000198919	Q86Y13	Cytosol
ENSG00000198931	P07741	Cytosol
ENSG00000198938	P00414	
ENSG00000198951	P17050	Lysosome
ENSG00000198959	P21980	Cytosol;Nucleus
ENSG00000198961	O43164	Cytosol;Endoplasmic reticulum;Golgi apparatus
ENSG00000198964	Q86VZ5	Golgi apparatus
ENSG00000203791	Q5JPI9	Cytosol;Nucleus
ENSG00000203797	Q99489	Peroxisome
ENSG00000203805	Q5VZY2	
ENSG00000203837	Q17RR3	
ENSG00000203857	P14060	Endoplasmic reticulum
ENSG00000203859	P26439	Endoplasmic reticulum
ENSG00000203972	Q5SZD4	
ENSG00000204007	Q7Z4J2	
ENSG00000204084	P32019	Cytosol;Endoplasmic reticulum;Golgi apparatus
ENSG00000204099	Q8WWR8	Lysosome;Endoplasmic reticulum
ENSG00000204160	Q9NUE0	Golgi apparatus
ENSG00000204195	Q58HT5	Endoplasmic reticulum
ENSG00000204227	Q06587	Nucleus
ENSG00000204228	Q92506	
ENSG00000204308	Q99942	Cytosol;Endoplasmic reticulum
ENSG00000204310	Q99943	Endoplasmic reticulum
ENSG00000204370	O14521	
ENSG00000204371	Q96KQ7	Nucleus
ENSG00000204385	Q53GD3	
ENSG00000204386	Q99519	Cytosol;Lysosome
ENSG00000204394	P26640	
ENSG00000205060	Q969S0	Golgi apparatus
ENSG00000205186	Q0Z7S8	
ENSG00000205268	Q13946	Cytosol
ENSG00000205301	A6NG13	
ENSG00000205309	Q9NPB1	
ENSG00000205560	Q92523	
ENSG00000205629	Q9UIC8	
ENSG00000205669	Q3I5F7	
ENSG00000205678	Q5HYJ1	
ENSG00000205808	Q8IY26	Endoplasmic reticulum;Nucleus
ENSG00000205923	Q6PRD7	Cytosol;Nucleus
ENSG00000206077	P0C7U3	
ENSG00000206190	O60312	Endoplasmic reticulum
ENSG00000206527	Q6Y1H2	Endoplasmic reticulum
ENSG00000206562	Q8TCB7	Cytosol;Nucleus
ENSG00000211445	P22352	
ENSG00000211448	Q92813	
ENSG00000211452	P49895	
ENSG00000211456	Q9NTJ5	Endoplasmic reticulum;Golgi apparatus
ENSG00000212907	P03901	
ENSG00000213024	P37198	Cytosol;Nucleus
ENSG00000213160	Q8NBE8	
ENSG00000213316	Q16873	Endoplasmic reticulum;Nucleus
ENSG00000213339	Q9BXR0	Cytosol
ENSG00000213366	P28161	Cytosol
ENSG00000213398	P04180	
ENSG00000213614	P06865	Lysosome
ENSG00000213619	O75489	
ENSG00000213639	P62140	Cytosol;Nucleus
ENSG00000213648	P0DMN0	Cytosol
ENSG00000213689	Q9NSU2	Cytosol;Endoplasmic reticulum;Nucleus
ENSG00000213722	O95865	Cytosol
ENSG00000213759	O75310	Endoplasmic reticulum
ENSG00000213760	O95670	Cytosol
ENSG00000213920	Q86V88	
ENSG00000213930	P07902	
ENSG00000214013	Q8TET4	
ENSG00000214160	Q92685	Endoplasmic reticulum
ENSG00000214357	A8MQ27	Cytosol
ENSG00000214435	Q9HBK9	Cytosol
ENSG00000214530	Q9Y365	Cytosol
ENSG00000214756	A8MUP2	
ENSG00000215009	P0C7M7	
ENSG00000215218	A1L167	Nucleus
ENSG00000215883	Q6IPT4	
ENSG00000218823	Q9NRJ5	
ENSG00000221968	Q9Y5Q0	Endoplasmic reticulum
ENSG00000221988	Q9UMR5	Lysosome
ENSG00000223443	Q6R6M4	Endoplasmic reticulum;Nucleus
ENSG00000223572	P12532	
ENSG00000223802	P27544	Endoplasmic reticulum
ENSG00000224586	O75715	
ENSG00000225697	Q9BXS9	Cytosol
ENSG00000226784	Q8N0Y7	
ENSG00000227140	A8MUK1	
ENSG00000227471	C9JRZ8	Cytosol
ENSG00000228253	P03928	
ENSG00000228716	P00374	Cytosol
ENSG00000228727	Q5SSQ6	
ENSG00000228856	Q0WX57	Endoplasmic reticulum;Nucleus
ENSG00000229579	Q0WX57	Endoplasmic reticulum;Nucleus
ENSG00000229894	Q14409	
ENSG00000229937	P21108	
ENSG00000230430	Q0WX57	Endoplasmic reticulum;Nucleus
ENSG00000231051	Q0WX57	Endoplasmic reticulum;Nucleus
ENSG00000231637	Q0WX57	Endoplasmic reticulum;Nucleus
ENSG00000231852	P08686	Endoplasmic reticulum
ENSG00000232264	Q0WX57	Endoplasmic reticulum;Nucleus
ENSG00000233276	P07203	Cytosol
ENSG00000234906	P02655	
ENSG00000235376	Q2QD12	
ENSG00000235780	Q0WX57	Endoplasmic reticulum;Nucleus
ENSG00000235863	O96024	Golgi apparatus
ENSG00000236334	P0DN37	
ENSG00000237172	Q6UX72	
ENSG00000237289	P12532	
ENSG00000237763	P0DUB6	
ENSG00000238205	P0DKB6	
ENSG00000239305	O00237	Endoplasmic reticulum
ENSG00000239642	A0A087WXM9	
ENSG00000239672	P15531	Cytosol;Nucleus
ENSG00000239900	P30566	
ENSG00000240038	P19961	
ENSG00000240303	Q709F0	Peroxisome;Cytosol
ENSG00000240344	Q9H2H8	
ENSG00000240583	P29972	
ENSG00000240857	Q9HBH5	
ENSG00000240891	Q0VAA5	
ENSG00000240972	P14174	Cytosol
ENSG00000241058	Q8TEA1	Cytosol
ENSG00000241119	O60656	Endoplasmic reticulum
ENSG00000241258	O75575	Cytosol;Nucleus
ENSG00000241343	P83881	Cytosol
ENSG00000241360	Q96GD0	Cytosol
ENSG00000241404	Q99944	
ENSG00000241468	P56134	
ENSG00000241635	P22309	Cytosol;Endoplasmic reticulum
ENSG00000241644	O95050	Cytosol
ENSG00000241837	P48047	
ENSG00000241878	Q9UG56	Cytosol
ENSG00000241935	Q86XE5	
ENSG00000241973	P42356	Cytosol
ENSG00000242110	Q9UHK6	Peroxisome
ENSG00000242366	Q9HAW9	Endoplasmic reticulum
ENSG00000242515	Q9HAW8	Endoplasmic reticulum
ENSG00000242612	Q9NUI1	Peroxisome
ENSG00000243056	O60516	
ENSG00000243477	Q93015	Cytosol
ENSG00000243480	P04746	
ENSG00000243678	P22392	Cytosol;Nucleus
ENSG00000243708	P0C869	Cytosol
ENSG00000243709	O75610	
ENSG00000243955	P08263	Cytosol
ENSG00000243989	Q03154	Cytosol
ENSG00000244038	P39656	Endoplasmic reticulum
ENSG00000244067	P09210	Cytosol
ENSG00000244122	Q9HAW7	Endoplasmic reticulum
ENSG00000244474	P22310	Endoplasmic reticulum
ENSG00000244486	Q96GP6	
ENSG00000247626	Q96GW9	
ENSG00000247746	Q70EK9	
ENSG00000248098	P12694	
ENSG00000248144	P00326	Cytosol
ENSG00000248933	D6RA61	
ENSG00000249853	Q8IZT8	Golgi apparatus
ENSG00000249948		
ENSG00000250305	Q9P272	
ENSG00000250565	Q96A05	
ENSG00000250741		
ENSG00000250799	Q9UF12	
ENSG00000251287	C9J202	
ENSG00000253710	Q2TAA5	Endoplasmic reticulum
ENSG00000254685	O14772	Cytosol
ENSG00000255072	Q3MUY2	Endoplasmic reticulum
ENSG00000255730		
ENSG00000255974	P11509	Endoplasmic reticulum
ENSG00000256043	P43234	Lysosome
ENSG00000256269	P08397	Cytosol
ENSG00000256525	Q9UHN1	
ENSG00000256870	Q8N695	
ENSG00000257335	O43451	
ENSG00000257365	P49356	
ENSG00000257594	Q8N4A0	Golgi apparatus
ENSG00000258429	Q9HBH1	
ENSG00000259030		
ENSG00000259075		
ENSG00000259431	Q9BU02	Cytosol
ENSG00000259916		
ENSG00000261052	P0DMM9	Cytosol
ENSG00000263353	Q9Y536	
ENSG00000263464	A0A0B4J2A2	
ENSG00000265203	P10745	
ENSG00000265491	Q9Y4L5	Cytosol;Lysosome
ENSG00000266200	P54317	
ENSG00000268104	Q9UN76	
ENSG00000268606	P43356	Nucleus
ENSG00000271567	A0A075B759	
ENSG00000272325	O95989	Cytosol
ENSG00000272333	Q9UMN6	Nucleus
ENSG00000272916		
ENSG00000273820	A6NNY8	Cytosol;Nucleus
ENSG00000273841	Q16594	Nucleus
ENSG00000274252	B5MD39	
ENSG00000274588	Q5KSL6	
ENSG00000275183		
ENSG00000276043	Q96T88	Nucleus
ENSG00000276231	Q5UE93	Cytosol
ENSG00000276293	P78356	Cytosol;Endoplasmic reticulum;Nucleus
ENSG00000276380		
ENSG00000276747	Q6TGC4	Cytosol;Nucleus
ENSG00000277161	Q7Z7B1	Endoplasmic reticulum
ENSG00000277494	Q8IV16	
ENSG00000277893	P31213	Endoplasmic reticulum
ENSG00000278540	Q13085	Cytosol
ENSG00000278619	Q6IN84	
ENSG00000282301		
ENSG00000284844		
ENSG00000285043		
ENSG00000285269		
ENSG00000288702	P35503	Endoplasmic reticulum
ENSG00000288705	P35504	Endoplasmic reticulum
